playerName,tag,shipName,type,class,tier,lastBattle,lastUpdated,battles,winRatio,survivalRatio,survivedWins,survivalWinRatio,playerRating,adjustedRating,averageDamage,averageKills,mainBatteryAccuracy,maxDamage,maxPotentialDamage,shipsSpotted,averageShipsSpotted,averageRamKills,averageSecondaryKills,torpedoKills,torpedoAccuracy,averageScoutingDamage,maxScoutingDamage,baseCaptures,baseDefense
Eviscerator29,R-SKY,Yueyang,Random,Destroyer,10,8/26/2023,8/26/2023,38,0.5263,0.3684,13,0.65,1130,1130,50239.08,0.84,2.3197,134951,1431206,76,2,0,0,13,11.6957,57282.3684,141890,1602,107
Eviscerator29,R-SKY,Grosser Kurfürst,Random,Battleship,10,12/13/2022,12/13/2022,8,0.5,0.25,2,0.5,1509,364.2414,83511,0.88,3.1195,183911,3551899,2,0.25,0.125,0.375,0,0,16969.5,51878,23,24
Eviscerator29,R-SKY,Khabarovsk,Random,Destroyer,10,10/19/2022,10/19/2022,1,1,0,0,0,1692,0,69544,0,0,69544,1082850,0,0,0,0,0,0,21132,21132,21,48
Eviscerator29,R-SKY,Vermont,Random,Battleship,10,9/6/2023,9/6/2023,1,0,0,0,0,1466,0,119170,1,3.3462,119170,3621716,1,1,0,0,0,0,19239,19239,0,0
Eviscerator29,R-SKY,Worcester,Random,Cruiser,10,12/25/2022,12/25/2022,38,0.4211,0.2368,8,0.5,753,753,47035,0.45,4.0405,122358,1862103,13,0.34,0,0,0,0,18249.8947,77870,75,93
Eviscerator29,R-SKY,Bourgogne,Random,Battleship,10,4/14/2023,4/14/2023,164,0.561,0.3902,57,0.6196,1149,1149,110268.7,0.85,3.0471,237474,3739736,20,0.12,0.0061,0.0366,0,0,20120.1768,88018,364,791
Eviscerator29,R-SKY,Schlieffen,Random,Battleship,10,9/11/2023,9/11/2023,182,0.6044,0.2967,49,0.4455,1348,1348,84701.92,0.77,2.7566,218718,3120699,48,0.26,0,0.2912,10,61.8462,21607.6813,101322,989,1448
Eviscerator29,R-SKY,Thunderer,Random,Battleship,10,7/12/2023,7/12/2023,439,0.5285,0.4032,154,0.6638,1344,1344,109163.16,0.85,3.0623,291064,3979467,38,0.09,0,0.0046,0,0,18940.4715,104431,1140,2127
Eviscerator29,R-SKY,Ohio,Random,Battleship,10,8/7/2023,8/7/2023,10,0.1,0.1,1,1,1006,312.2069,99321.9,0.7,2.9906,189803,3941400,0,0,0,0,0,0,11191.4,54143,0,77
Eviscerator29,R-SKY,Jinan,Random,Cruiser,10,7/11/2023,7/11/2023,35,0.4857,0.2571,8,0.4706,593,593,38903.63,0.4,3.4689,104062,1204121,14,0.4,0,0,3,26.9318,24653.8571,106291,249,377
Eviscerator29,R-SKY,Mecklenburg,Random,Battleship,10,8/7/2023,8/7/2023,80,0.4375,0.3,20,0.5714,992,992,98506.09,0.82,3.0323,205889,3106167,10,0.13,0,0.125,1,58.4,18886.7125,72773,399,936
Eviscerator29,R-SKY,Yoshino,Random,Cruiser,10,9/16/2023,9/16/2023,33,0.4545,0.303,9,0.6,1219,1219,81313.91,0.7,2.8233,201859,2113200,6,0.18,0,0.0606,2,35.3333,16959.5455,54277,90,410
Eviscerator29,R-SKY,Minotaur,Random,Cruiser,10,12/9/2022,2/12/2023,3,0.3333,0.6667,1,1,1475,101.7241,87586,0.67,3.454,95247,1783234,0,0,0,0,0,0,29993.3333,33147,0,0
Eviscerator29,R-SKY,St. Vincent,Random,Battleship,10,8/3/2023,8/3/2023,37,0.5946,0.4324,13,0.5909,1480,1480,116354.81,1.19,2.8998,223277,3110300,6,0.16,0,0,2,15.2,18123.9189,62366,193,340
Eviscerator29,R-SKY,Puerto Rico,Random,Cruiser,10,9/17/2023,9/17/2023,56,0.6786,0.4107,20,0.5263,1401,1401,76468.77,0.59,3.0598,152865,3081214,31,0.55,0,0.0179,0,0,24018.4643,88628,198,473
Eviscerator29,R-SKY,Brisbane,Random,Cruiser,10,5/16/2023,7/9/2023,2,0.5,1,1,1,663,22.8621,26549,1,0,29032,951865,2,1,0,0,0,0,32112.5,49098,0,6
Eviscerator29,R-SKY,Kremlin,Random,Battleship,10,10/9/2022,10/9/2022,4,0.25,0.5,1,1,711,73.5517,76737.25,0.25,3,138148,2418401,0,0,0,0,0,0,14276.25,35982,0,26
Eviscerator29,R-SKY,Shikishima,Random,Battleship,10,9/16/2023,9/16/2023,15,0.6667,0.4667,6,0.6,1554,750.2069,112448.27,1.2,2.8889,231815,3860497,2,0.13,0,0.0667,0,0,25183.5333,80299,0,63
Eviscerator29,R-SKY,Napoli,Random,Cruiser,10,8/24/2023,8/24/2023,30,0.4,0.4,9,0.75,1288,1288,65285.43,1.1,2.6238,127378,2360265,17,0.57,0,0.2333,2,71.2,22049.7333,63731,210,234
Eviscerator29,R-SKY,Moskva,Random,Cruiser,10,9/17/2023,9/17/2023,3,0.3333,0,0,0,284,19.5862,40110,0,0,63929,1920234,3,1,0,0,0,0,8154,13477,58,0
Eviscerator29,R-SKY,Petropavlovsk,Random,Cruiser,10,9/14/2023,9/14/2023,4,1,0.5,2,0.5,1712,177.1034,68692.25,0.75,2.2946,79858,1489384,4,1,0,0,0,0,24175.5,56796,0,3
Eviscerator29,R-SKY,Stalingrad,Random,Cruiser,10,8/2/2023,8/2/2023,72,0.5556,0.3889,24,0.6,1323,1323,91535.13,0.71,2.2386,189212,3299400,34,0.47,0,0.0278,0,0,22517.7917,97324,306,401
Eviscerator29,R-SKY,Incomparable,Random,Battleship,10,8/3/2023,8/3/2023,12,0.75,0.4167,5,0.5556,1334,506,86360.33,1,2.6098,172335,2856053,3,0.25,0,0,0,0,17214.0833,56779,19,2
Eviscerator29,R-SKY,Marceau,Random,Destroyer,10,7/14/2023,7/15/2023,1,0,0,0,0,390,0,30088,0,0,30088,562300,0,0,0,0,0,0,45718,45718,0,4
Eviscerator29,R-SKY,Halland,Random,Destroyer,10,8/7/2023,8/7/2023,76,0.4342,0.2763,17,0.5152,1093,1093,47831.72,0.58,2.3163,182460,2065099,113,1.49,0,0,18,10.2802,45073.1579,183890,2396,490
Eviscerator29,R-SKY,Shimakaze,Random,Destroyer,10,9/16/2023,9/16/2023,13,0.3846,0.0769,1,0.2,699,289.2414,33595.46,0.46,2.4524,84570,747200,17,1.31,0,0,3,19.6154,47725.9231,111390,378,63
Eviscerator29,R-SKY,Des Moines,Random,Cruiser,10,12/12/2022,12/12/2022,6,0.5,0.3333,2,0.6667,1108,191.0345,56007.5,0.5,2.5832,91455,1176200,1,0.17,0,0,0,0,16190.8333,47702,60,17
Eviscerator29,R-SKY,Yamato,Random,Battleship,10,9/16/2023,9/16/2023,113,0.5487,0.4425,43,0.6935,1792,1792,105719.85,0.92,3.133,279567,3582039,10,0.09,0.0088,0.0354,0,0,15763.2124,76412,395,1015
Eviscerator29,R-SKY,Montana,Random,Battleship,10,9/17/2023,9/17/2023,5,0.4,0.4,1,0.5,1893,261.1034,121402.4,1.2,3.5014,175864,2171901,1,0.2,0,0,0,0,27886.2,38668,0,82
ObscureIntentions,R-SKY,Gibraltar,Random,Cruiser,10,9/15/2023,9/15/2023,29,0.5862,0.4828,12,0.7059,1213,1171.1724,69928.72,1.03,2.5511,152095,2013012,5,0.17,0,0,0,0,24570.7931,94603,276,331
ObscureIntentions,R-SKY,Gouden Leeuw,Random,Cruiser,10,9/15/2023,9/15/2023,155,0.5355,0.3806,56,0.6747,1366,1366,83248.54,0.79,2.6709,233535,2788232,58,0.37,0.0065,0.0258,0,0,19585.9935,100137,1470,1747
ObscureIntentions,R-SKY,Yueyang,Random,Destroyer,10,9/14/2023,9/14/2023,1,1,1,1,1,1143,0,26164,1,5.2157,26164,178800,0,0,0,0,0,0,53960,53960,38,37
ObscureIntentions,R-SKY,Preussen,Random,Battleship,10,9/14/2023,9/14/2023,3,0.3333,0.3333,1,1,597,41.1724,52892.33,0.67,3.2813,100834,1965308,2,0.67,0,0,0,0,4887,7328,0,7
ObscureIntentions,R-SKY,Somers,Random,Destroyer,10,9/14/2023,9/14/2023,10,0.1,0.2,0,0,1060,328.9655,64411.7,0.8,2.3957,114827,1269735,17,1.7,0,0,4,15.4595,31871.7,93365,350,19
ObscureIntentions,R-SKY,Napoli,Random,Cruiser,10,9/15/2023,9/15/2023,23,0.4783,0.2609,5,0.4545,1298,984.6897,66409.61,0.91,2.1974,179785,3008735,11,0.48,0,0.2174,2,18.3529,24328.4783,68711,350,105
ObscureIntentions,R-SKY,Venezia,Random,Cruiser,10,9/15/2023,9/15/2023,62,0.5806,0.629,27,0.75,1305,1305,76617.94,1.08,2.6631,159291,2362800,15,0.24,0,0.0161,4,36.5,24041.6935,89214,632,590
ObscureIntentions,R-SKY,République,Random,Battleship,10,6/9/2023,6/23/2023,119,0.5882,0.3697,40,0.5714,1333,1333,88759.09,0.98,3.5633,236295,3318150,17,0.14,0,0.0252,0,0,20326.8908,89738,565,630
ObscureIntentions,R-SKY,Vermont,Random,Battleship,10,6/23/2023,6/23/2023,15,0.6,0.4667,6,0.6667,1507,727.5172,98335.6,1.13,3.8578,157093,2285700,4,0.27,0,0,0,0,15289.4,46419,137,94
ObscureIntentions,R-SKY,Bourgogne,Random,Battleship,10,8/19/2023,8/19/2023,11,0.6364,0.3636,4,0.5714,1020,351.7241,86457.27,1,3.181,144438,2675401,6,0.55,0,0,0,0,17722.6364,36738,24,24
ObscureIntentions,R-SKY,Yodo,Random,Cruiser,10,9/15/2023,9/15/2023,11,0.3636,0.5455,3,0.75,983,338.9655,62145.91,0.73,3.4556,152777,2289450,3,0.27,0,0,1,242,43854.3636,116363,91,111
ObscureIntentions,R-SKY,Kremlin,Random,Battleship,10,9/14/2023,9/14/2023,27,0.4444,0.4074,10,0.8333,1422,1274.8966,100392,0.89,2.9029,230572,3621998,8,0.3,0,0.037,0,0,21910.5185,81912,122,94
ObscureIntentions,R-SKY,Goliath,Random,Cruiser,10,9/15/2023,9/15/2023,15,0.5333,0.5333,5,0.625,1302,628.5517,92006.4,0.8,3.1117,138342,2431900,4,0.27,0,0,0,0,21267.3333,59235,103,38
ObscureIntentions,R-SKY,Hindenburg,Random,Cruiser,10,8/19/2023,8/19/2023,22,0.4091,0.5909,7,0.7778,1380,999.3103,84209,0.86,3.3837,219312,2642802,5,0.23,0,0,0,0,19167.1364,53030,238,344
ObscureIntentions,R-SKY,Schlieffen,Random,Battleship,10,8/12/2023,8/12/2023,16,0.375,0.0625,0,0,951,491.8966,75766.75,0.69,3.1065,182236,2791561,8,0.5,0,0.125,1,56,14575.875,65947,0,221
ObscureIntentions,R-SKY,Khabarovsk,Random,Destroyer,10,9/14/2023,9/14/2023,3,0.6667,0.6667,2,1,2558,176.4138,104431,1,2.4343,133842,1857400,4,1.33,0.3333,0,0,0,52974.6667,86786,71,71
ObscureIntentions,R-SKY,Álvaro de Bazán,Random,Destroyer,10,9/14/2023,9/14/2023,19,0.6842,0.5789,10,0.7692,1353,839.7931,45886.11,0.58,2.3308,84439,1675797,27,1.42,0,0,2,40.8,61280.7895,156575,988,272
ObscureIntentions,R-SKY,Ohio,Random,Battleship,10,8/26/2023,8/26/2023,12,0.4167,0.25,3,0.6,891,337.9655,76890.17,1,3.5476,151654,3379601,4,0.33,0,0.1667,0,0,21628.3333,48258,129,3
ObscureIntentions,R-SKY,Salem,Random,Cruiser,10,1/3/2023,6/24/2023,9,0.7778,0.4444,4,0.5714,2255,622.069,81655.22,1.56,3.1564,120487,1980650,2,0.22,0.1111,0.1111,0,0,24000.5556,59497,178,51
ObscureIntentions,R-SKY,Sevastopol,Random,Cruiser,10,9/15/2023,9/15/2023,14,0.5,0.2857,3,0.4286,849,380.5862,55888.07,0.93,2.25,104532,2792431,6,0.43,0,0,0,0,27040.5714,88252,119,80
ObscureIntentions,R-SKY,Conqueror,Random,Battleship,10,5/27/2023,7/9/2023,3,1,0.6667,2,0.6667,1681,115.931,95117.33,1,3.6643,111328,1239712,0,0,0,0,0,0,32944.6667,69695,0,0
ObscureIntentions,R-SKY,Jinan,Random,Cruiser,10,9/14/2023,9/14/2023,15,0.2667,0.4667,4,1,1345,649.3103,67998.67,1.13,4.6654,134235,2130900,3,0.2,0,0,3,30.3704,34904.7333,78327,180,115
ObscureIntentions,R-SKY,Forrest Sherman,Random,Destroyer,10,9/14/2023,9/14/2023,21,0.619,0.381,8,0.6154,1664,1147.5862,67855.48,0.76,2.1799,149790,1728400,43,2.05,0,0,0,0,27408.3333,60839,525,458
ObscureIntentions,R-SKY,Attilio Regolo,Random,Destroyer,10,9/14/2023,9/14/2023,7,0.4286,0.1429,1,0.3333,1339,277.0345,64763.57,0.86,1.6875,137958,1316600,11,1.57,0,0,2,15.25,80716.8571,207360,295,0
ObscureIntentions,R-SKY,Smolensk,Random,Cruiser,10,9/14/2023,9/14/2023,20,0.6,0.4,7,0.5833,1482,970.9655,83641.15,0.9,3.0987,181945,1667635,5,0.25,0,0,0,0,13676.25,41506,317,405
ObscureIntentions,R-SKY,Henri IV,Random,Cruiser,10,9/15/2023,9/15/2023,27,0.6296,0.4444,9,0.5294,1438,1289.2414,78097.37,1.04,2.8221,163671,2478700,10,0.37,0,0,1,16.2,22179.8519,76792,261,214
ObscureIntentions,R-SKY,Yoshino,Random,Cruiser,10,9/15/2023,9/15/2023,73,0.5068,0.3699,23,0.6216,1245,1245,74448.89,0.84,3.2143,209812,3118800,20,0.27,0,0.0137,7,32.5128,20138.2877,74962,288,881
ObscureIntentions,R-SKY,Druid,Random,Destroyer,10,9/14/2023,9/14/2023,23,0.5652,0.4348,10,0.7692,1147,870.1379,59031.78,0.7,2.1633,155701,1557531,42,1.83,0,0,0,0,42566.3478,116359,576,241
ObscureIntentions,R-SKY,Ragnar,Random,Destroyer,10,9/14/2023,9/14/2023,5,1,0.8,4,0.8,1619,223.3103,62100.8,0.8,2.3793,99101,1208968,5,1,0,0,0,0,36605.8,93544,132,93
ObscureIntentions,R-SKY,Minotaur,Random,Cruiser,10,9/15/2023,9/15/2023,68,0.3971,0.2794,18,0.6667,1301,1301,66534.88,1.01,3.6087,165439,2114003,29,0.43,0,0,13,17.0678,17161.1765,92695,1033,461
ObscureIntentions,R-SKY,Daring,Random,Destroyer,10,9/14/2023,9/14/2023,3,0.3333,0.3333,1,1,555,38.2759,28035.33,0.67,2.5842,60546,791198,8,2.67,0,0,0,0,12128.6667,22205,60,0
ObscureIntentions,R-SKY,Cristoforo Colombo,Random,Battleship,10,9/14/2023,9/14/2023,47,0.5106,0.4468,16,0.6667,1057,1057,82865.53,0.79,4.1137,250295,3179107,17,0.36,0.0213,0.0851,0,0,16667.7447,55017,200,487
ObscureIntentions,R-SKY,Elbing,Random,Destroyer,10,9/14/2023,9/14/2023,9,0.4444,0.2222,2,0.5,1133,312.5517,64172.33,0.67,1.8304,136926,925068,11,1.22,0,0,1,43.125,49694.3333,171727,207,85
ObscureIntentions,R-SKY,Harugumo,Random,Destroyer,10,2/10/2023,6/26/2023,5,1,0.2,1,0.2,1575,217.2414,47299.8,0.6,2.9461,87100,1187603,20,4,0,0,1,16.5,61251.2,125641,175,84
ObscureIntentions,R-SKY,Vampire II,Random,Destroyer,10,9/14/2023,9/14/2023,8,0.5,0.25,1,0.25,927,223.7586,35175.38,1,2.7833,72951,963572,13,1.63,0,0,0,0,22283.125,34340,164,88
ObscureIntentions,R-SKY,Delny,Random,Destroyer,10,9/14/2023,9/14/2023,2,0.5,0.5,1,1,883,30.4483,55347,0.5,1.9079,82048,1085830,0,0,0,0,0,0,50233.5,59306,60,50
ObscureIntentions,R-SKY,Marceau,Random,Destroyer,10,9/14/2023,9/14/2023,7,0.7143,0.4286,3,0.6,1165,241.0345,42815.71,0.14,0,137390,2271483,7,1,0,0,0,0,29974,48379,302,10
ObscureIntentions,R-SKY,Puerto Rico,Random,Cruiser,10,9/15/2023,9/15/2023,5,0.6,0.2,1,0.3333,500,68.9655,43427,0,0,104893,1987269,6,1.2,0,0,0,0,10088.4,32898,0,1
ObscureIntentions,R-SKY,Kléber,Random,Destroyer,10,9/14/2023,9/14/2023,7,0.7143,0.8571,4,0.8,2773,573.7241,100867,1.71,2.0261,186478,1718872,10,1.43,0,0,2,18.8571,42288.2857,94731,373,129
ObscureIntentions,R-SKY,Worcester,Random,Cruiser,10,9/15/2023,9/15/2023,6,0.5,0.1667,0,0,1127,194.3103,60463.33,0.5,4.2243,92288,1652834,2,0.33,0,0,0,0,14799.6667,23239,0,106
ObscureIntentions,R-SKY,Grozovoi,Random,Destroyer,10,9/14/2023,9/14/2023,5,0.8,0.6,3,0.75,1813,250.069,50062.8,1,2.4277,70175,1232050,10,2,0,0,0,0,57428.2,97836,246,228
ObscureIntentions,R-SKY,Tromp,Random,Destroyer,10,9/14/2023,9/14/2023,15,0.4667,0.3333,5,0.7143,1434,692.2759,54711.6,0.93,2.481,141948,1117800,20,1.33,0,0,2,24,43554.6667,191218,532,113
ObscureIntentions,R-SKY,Z-52,Random,Destroyer,10,9/14/2023,9/14/2023,5,0.6,0.8,3,1,1827,252,49810,1,2.3698,117700,860640,9,1.8,0,0,1,19.5,36621.6,72601,249,120
ObscureIntentions,R-SKY,Alexander Nevsky,Random,Cruiser,10,9/14/2023,9/14/2023,21,0.5238,0.5714,7,0.6364,1118,771.0345,64570.71,0.86,3.0862,128266,3046050,10,0.48,0,0,1,12.5,23936.4762,57113,258,357
ObscureIntentions,R-SKY,Marseille,Random,Cruiser,10,9/15/2023,9/15/2023,10,0.6,0.6,5,0.8333,1309,406.2414,73791.9,1.4,3.0257,121249,2020789,1,0.1,0,0,0,0,27822.7,63235,194,98
ObscureIntentions,R-SKY,Moskva,Random,Cruiser,10,9/15/2023,9/15/2023,135,0.5111,0.2667,31,0.4493,1072,1072,53391.82,0.63,2.7343,146740,2970100,131,0.97,0,0,0,0,23971.7704,90580,905,1085
ObscureIntentions,R-SKY,Petropavlovsk,Random,Cruiser,10,9/15/2023,9/15/2023,24,0.75,0.4167,9,0.5,1409,1117.4828,64256.54,0.79,2.6537,134741,2515368,18,0.75,0,0,0,0,24587.25,71014,219,469
ObscureIntentions,R-SKY,Stalingrad,Random,Cruiser,10,9/15/2023,9/15/2023,47,0.6383,0.383,16,0.5333,1035,1035,72884.74,0.49,2.3809,167045,3930368,40,0.85,0,0,0,0,23370.9787,88848,247,233
ObscureIntentions,R-SKY,Incomparable,Random,Battleship,10,9/13/2023,9/13/2023,22,0.5455,0.3182,7,0.5833,829,600.3103,70055.18,0.73,2.8223,182872,4614255,7,0.32,0,0,0,0,26227.5909,90167,4,169
ObscureIntentions,R-SKY,St. Vincent,Random,Battleship,10,9/8/2023,9/8/2023,21,0.5714,0.4286,8,0.6667,1136,783.4483,97421.38,0.9,3.0344,205775,2725300,3,0.14,0.0952,0,1,8,18666.0952,57650,9,182
ObscureIntentions,R-SKY,Louisiana,Random,Battleship,10,8/12/2023,8/12/2023,10,0.5,0.5,5,1,1026,318.4138,100515.6,0.3,3.203,154489,3065270,8,0.8,0,0,0,0,35394.4,62135,10,72
ObscureIntentions,R-SKY,Halland,Random,Destroyer,10,9/14/2023,9/14/2023,57,0.614,0.4912,25,0.7143,1842,1842,62586.05,0.96,2.811,193505,1427168,117,2.05,0,0,28,9.8193,60293.3158,200660,2773,473
ObscureIntentions,R-SKY,Shimakaze,Random,Destroyer,10,9/14/2023,9/14/2023,5,0.6,0.6,2,0.6667,1781,245.6552,55025.2,1,4.125,111202,1137300,17,3.4,0,0,3,15.5882,46811.8,66452,202,0
ObscureIntentions,R-SKY,Za?,Random,Cruiser,10,9/15/2023,9/15/2023,18,0.3889,0.5556,7,1,1092,640.1379,73063.22,0.61,2.6841,129222,2417500,7,0.39,0,0,0,0,22461,77632,81,132
ObscureIntentions,R-SKY,Yamato,Random,Battleship,10,9/14/2023,9/14/2023,50,0.58,0.46,18,0.6207,1676,1676,91641.22,1.02,3.3961,268783,4162050,4,0.08,0.02,0.02,0,0,20831.78,64896,11,220
ObscureIntentions,R-SKY,Montana,Random,Battleship,10,8/10/2023,8/10/2023,57,0.4035,0.3333,15,0.6522,1086,1086,79341.47,0.77,3.6502,186631,3055300,7,0.12,0,0.0526,0,0,22095.3158,101705,12,118
ObscureIntentions,R-SKY,Gearing,Random,Destroyer,10,9/14/2023,9/14/2023,9,0.7778,0.8889,7,1,1769,488,52889.67,0.67,2.9223,111707,998267,17,1.89,0,0,1,18.75,60276.7778,160122,381,53
ObscureIntentions,R-SKY,Des Moines,Random,Cruiser,10,6/26/2023,6/26/2023,56,0.5714,0.3571,18,0.5625,1772,1772,71507.55,0.98,2.9931,185634,2615971,51,0.91,0,0,0,0,22946.8929,69211,429,623
GodzilIa,R-SKY,Delny,Random,Destroyer,10,9/15/2023,9/15/2023,4,0.25,0.25,1,1,1349,139.5517,69259.75,1.25,2.1329,110517,2366850,9,2.25,0,0,0,0,49834.25,82612,0,57
GodzilIa,R-SKY,Khabarovsk,Random,Destroyer,10,9/15/2023,9/15/2023,74,0.6351,0.5135,31,0.6596,2375,2375,93793.36,1.16,2.038,234880,2743800,128,1.73,0,0,1,47.8571,50735.2432,148018,1585,699
GodzilIa,R-SKY,Alexander Nevsky,Random,Cruiser,10,9/15/2023,9/15/2023,158,0.5886,0.5127,66,0.7097,1615,1615,89787.65,0.93,2.7942,226764,3519200,95,0.6,0.0063,0,7,14.4737,26047.9051,96427,388,2028
GodzilIa,R-SKY,Conqueror,Random,Battleship,10,9/4/2023,9/4/2023,11,0.8182,0.8182,8,0.8889,2029,699.6552,131674,1.27,3.6034,216698,2814400,2,0.18,0,0,0,0,28135.1818,57728,12,84
GodzilIa,R-SKY,Harugumo,Random,Destroyer,10,9/15/2023,9/15/2023,45,0.5333,0.2889,12,0.5,2270,2270,81199.53,1.4,2.5324,180992,1687867,60,1.33,0,0,9,23.5385,28689.7333,79850,895,483
GodzilIa,R-SKY,Forrest Sherman,Random,Destroyer,10,9/15/2023,9/15/2023,96,0.5417,0.3125,28,0.5385,1931,1931,75535.91,1.11,2.275,222248,1533434,141,1.47,0,0,1,25.7895,28478.625,126097,2603,1441
GodzilIa,R-SKY,Moskva,Random,Cruiser,10,9/15/2023,9/15/2023,123,0.5691,0.3659,40,0.5714,1674,1674,78697.65,0.74,2.5498,220632,3772800,55,0.45,0.0163,0.0244,0,0,26793,112478,399,800
GodzilIa,R-SKY,Puerto Rico,Random,Cruiser,10,9/15/2023,9/15/2023,15,0.6667,0.2667,4,0.4,1868,901.7931,92348.27,1,2.7399,160868,2789300,10,0.67,0.0667,0.0667,0,0,30063.2667,82637,46,23
GodzilIa,R-SKY,Petropavlovsk,Random,Cruiser,10,9/15/2023,9/15/2023,34,0.6176,0.2647,9,0.4286,1287,1287,68807.18,0.65,2.4606,143429,2988799,25,0.74,0.0294,0,0,0,31264.9118,109282,340,179
GodzilIa,R-SKY,Kléber,Random,Destroyer,10,9/15/2023,9/15/2023,3,0.6667,0.3333,1,0.5,1776,122.4828,71259.33,1,1.8503,123075,2215834,1,0.33,0,0,0,0,68887.3333,94433,92,0
GodzilIa,R-SKY,Bourgogne,Random,Battleship,10,9/15/2023,9/15/2023,7,0.7143,0.2857,2,0.4,1380,285.5172,113295.43,1,3.0901,222930,3540406,3,0.43,0,0,0,0,19199.4286,31830,60,1
GodzilIa,R-SKY,Worcester,Random,Cruiser,10,9/15/2023,9/15/2023,7,0.5714,0.1429,1,0.25,1844,381.5172,71620.86,1.29,3.3565,118762,1489750,6,0.86,0,0,0,0,13691,37761,52,62
GodzilIa,R-SKY,Kremlin,Random,Battleship,10,1/20/2023,1/20/2023,5,0.2,0,0,0,731,100.8276,73520.4,0.4,2.9184,100835,2819950,1,0.2,0,0,0,0,11825.8,20743,34,0
GodzilIa,R-SKY,Des Moines,Random,Cruiser,10,9/15/2023,9/15/2023,31,0.7097,0.129,4,0.1818,2190,2190,87822.55,0.87,2.2938,218731,2760200,24,0.77,0,0.0323,0,0,28810.6129,101842,307,342
GodzilIa,R-SKY,Yamato,Random,Battleship,10,12/20/2022,8/31/2023,34,0.4412,0.3235,8,0.5333,1580,1580,96091.03,1,3.4838,195239,2979200,4,0.12,0,0.0294,0,0,19703.9412,96177,90,191
The_Walking_Spreadsheet,R-SKY,Khabarovsk,Random,Destroyer,10,8/27/2023,8/27/2023,7,0.4286,0.4286,2,0.6667,1319,272.8966,58062.71,1,2.1594,120261,2018300,9,1.29,0,0,0,0,29193.2857,66500,118,52
The_Walking_Spreadsheet,R-SKY,Yoshino B,Random,Cruiser,10,8/30/2023,8/30/2023,32,0.625,0.5938,14,0.7,1214,1214,73068.72,0.56,3.3181,157720,1490800,5,0.16,0,0,0,0,23303.3125,84256,141,172
The_Walking_Spreadsheet,R-SKY,Grosser Kurfürst,Random,Battleship,10,8/8/2023,8/8/2023,17,0.5882,0.3529,5,0.5,1773,978.2069,87922.29,1.06,3.3743,257012,3717050,1,0.06,0,0.2353,0,0,20303,51975,20,137
The_Walking_Spreadsheet,R-SKY,Daring,Random,Destroyer,10,9/9/2023,9/9/2023,34,0.5294,0.5294,15,0.8333,1762,1762,61382.03,0.97,2.248,190558,1545300,69,2.03,0,0,6,15.9583,44671.3529,116070,1621,381
The_Walking_Spreadsheet,R-SKY,Alexander Nevsky,Random,Cruiser,10,8/31/2023,8/31/2023,8,0.375,0.25,1,0.3333,1129,272.5172,86345.5,0.5,2.5596,178727,1487098,7,0.88,0,0,0,0,22921.625,57354,0,85
The_Walking_Spreadsheet,R-SKY,Cristoforo Colombo,Random,Battleship,10,9/6/2023,9/6/2023,92,0.4565,0.3696,25,0.5952,1044,1044,83639.87,0.86,3.7444,177063,3817213,28,0.3,0,0.0217,0,0,25631.3478,90741,833,355
The_Walking_Spreadsheet,R-SKY,Elbing,Random,Destroyer,10,9/6/2023,9/6/2023,34,0.4706,0.2941,8,0.5,970,970,54523.65,0.65,1.6598,149239,1655500,63,1.85,0,0,8,34.1935,33981.3235,120168,865,222
The_Walking_Spreadsheet,R-SKY,Napoli B,Random,Cruiser,10,8/27/2023,8/27/2023,27,0.7037,0.4074,10,0.5263,1964,1760.8276,78985.22,1.04,2.0989,143635,2867866,9,0.33,0.037,0.1852,3,10.4762,24529.4074,72063,317,181
The_Walking_Spreadsheet,R-SKY,Bourgogne,Random,Battleship,10,9/17/2023,9/17/2023,21,0.4762,0.5714,9,0.9,1485,1024.1379,127356.62,1.52,3.1352,214752,2878069,8,0.38,0,0,0,0,24550.381,72541,64,212
The_Walking_Spreadsheet,R-SKY,Petropavlovsk,Random,Cruiser,10,9/17/2023,9/17/2023,6,0.6667,0.5,3,0.75,2994,516.2069,115292.67,2.33,2.2573,161685,3023562,1,0.17,0,0,0,0,37683.3333,65327,8,170
The_Walking_Spreadsheet,R-SKY,Henri IV,Random,Cruiser,10,9/17/2023,9/17/2023,61,0.4426,0.4098,17,0.6296,1306,1306,88133.97,0.85,3.008,282659,3283528,19,0.31,0,0.0164,0,0,22469.1967,80033,246,739
The_Walking_Spreadsheet,R-SKY,Marceau,Random,Destroyer,10,9/16/2023,9/16/2023,25,0.6,0.28,7,0.4667,2105,1742.069,63529.44,1.08,2.6654,128198,2044100,41,1.64,0,0,1,18.6667,32119.84,143276,875,374
The_Walking_Spreadsheet,R-SKY,Worcester,Random,Cruiser,10,9/17/2023,9/17/2023,207,0.5121,0.4589,78,0.7358,1589,1589,70979.28,0.95,3.5493,188597,2596015,94,0.45,0,0,0,0,22192.9662,91636,2190,3068
The_Walking_Spreadsheet,R-SKY,Moskva,Random,Cruiser,10,9/16/2023,9/16/2023,9,0.7778,0.5556,4,0.5714,1381,380.9655,64736.56,0.33,2.6159,113577,1642600,3,0.33,0,0,0,0,19896.5556,55453,14,84
The_Walking_Spreadsheet,R-SKY,Montana,Random,Battleship,10,8/19/2023,8/19/2023,22,0.5909,0.5455,11,0.8462,1880,1361.3793,108722.95,1.14,3.2347,180764,3072602,5,0.23,0,0,0,0,20693.0909,86338,11,333
The_Walking_Spreadsheet,R-SKY,Gearing,Random,Destroyer,10,4/5/2023,4/5/2023,16,0.5625,0.5625,7,0.7778,1310,677.5862,41679.25,0.81,2.3785,98124,1092087,29,1.81,0,0,5,16.2162,48686.1875,123072,647,129
The_Walking_Spreadsheet,R-SKY,Yamato,Random,Battleship,10,8/19/2023,8/19/2023,52,0.5962,0.4808,22,0.7097,1554,1554,87235.42,0.88,3.3034,188097,4201202,4,0.08,0.0192,0,0,0,18862.6154,96340,180,58
Guradian,R-SKY,Schlieffen,Random,Battleship,10,9/16/2023,9/16/2023,29,0.4828,0.1379,3,0.2143,1812,1749.5172,109100.9,1.28,2.5553,299316,2680051,10,0.34,0,0.3448,4,22.5,19210.8621,76872,60,252
Guradian,R-SKY,Hindenburg,Random,Cruiser,10,9/13/2023,9/13/2023,14,0.5714,0.6429,7,0.875,1262,565.7241,80961.86,0.43,2.9962,126707,1491000,4,0.29,0,0,0,0,17597.5714,68357,101,146
Guradian,R-SKY,Grosser Kurfürst,Random,Battleship,10,9/17/2023,9/17/2023,59,0.4915,0.2373,12,0.4138,1412,1412,84097.12,0.69,3.1306,191145,3329600,15,0.25,0,0.2203,0,0,21099.4576,100909,166,388
Guradian,R-SKY,République,Random,Battleship,10,9/17/2023,9/17/2023,33,0.5152,0.3333,10,0.5882,1641,1641,114909.85,1.09,2.901,330897,3296700,4,0.12,0,0,0,0,24312.6061,71383,235,199
Guradian,R-SKY,Petropavlovsk,Random,Cruiser,10,9/16/2023,9/16/2023,36,0.3333,0.25,5,0.4167,606,606,49593.14,0.47,2.3771,140250,2131700,26,0.72,0,0.0278,0,0,19987.75,48294,233,347
Guradian,R-SKY,St. Vincent,Random,Battleship,10,9/17/2023,9/17/2023,58,0.5345,0.3793,21,0.6774,1439,1439,121713.72,1.07,2.7612,335123,2762722,6,0.1,0,0.0172,1,9.6,25915.3793,110034,115,783
Guradian,R-SKY,Hayate,Random,Destroyer,10,9/13/2023,9/14/2023,51,0.6275,0.4902,20,0.625,1247,1247,42727.04,0.73,2.1915,130837,1121132,64,1.25,0,0,20,19.8148,48497.4706,111854,1794,308
Guradian,R-SKY,Kremlin,Random,Battleship,10,9/17/2023,9/17/2023,26,0.5385,0.4231,9,0.6429,1529,1318.1034,90808.27,1.23,2.7181,162665,2984350,3,0.12,0.0385,0,0,0,26405.3462,79460,76,126
Guradian,R-SKY,Shimakaze,Random,Destroyer,10,9/17/2023,9/17/2023,32,0.4375,0.375,9,0.6429,987,987,40846.06,0.53,2.1286,92205,1180038,65,2.03,0,0,7,23.6508,46854.75,121533,936,158
Guradian,R-SKY,Des Moines,Random,Cruiser,10,9/14/2023,9/14/2023,12,0.5833,0.25,3,0.4286,1474,559.1034,60470.42,0.83,2.8358,134203,1382434,4,0.33,0,0,0,0,19238.5,53734,46,79
Guradian,R-SKY,Za?,Random,Cruiser,10,9/15/2023,9/15/2023,25,0.52,0.48,10,0.7692,2016,1668.4138,99599.4,1.28,2.479,177040,2529650,4,0.16,0,0,0,0,26940.92,95720,43,446
Guradian,R-SKY,Yamato,Random,Battleship,10,9/8/2023,9/8/2023,116,0.4828,0.3966,41,0.7321,1334,1334,90195.13,0.63,3.0963,212178,3468450,12,0.1,0.0086,0,0,0,19339.1121,107716,227,302
Guradian,R-SKY,Montana,Random,Battleship,10,9/17/2023,9/17/2023,102,0.5196,0.4902,39,0.7358,1525,1525,100948.93,0.78,3.0574,240343,3598500,10,0.1,0,0.0294,0,0,24305.3137,119676,208,822
36thFink,R-SKY,Gibraltar,Random,Cruiser,10,8/6/2023,8/6/2023,20,0.5,0.45,6,0.6,1194,782.2759,80386.4,0.8,2.518,200735,2571510,9,0.45,0,0.05,0,0,21717.05,104674,54,73
36thFink,R-SKY,Gouden Leeuw,Random,Cruiser,10,8/6/2023,8/6/2023,15,0.5333,0.4667,4,0.5,1110,535.8621,75123.93,0.53,2.364,165577,1841600,8,0.53,0,0,0,0,14260.8667,81544,26,103
36thFink,R-SKY,Slava,Random,Battleship,10,8/1/2023,8/1/2023,31,0.4194,0.4516,10,0.7692,1128,1128,104554.87,0.74,2.4826,178162,3262618,3,0.1,0.0323,0,0,0,20894.871,77839,198,90
36thFink,R-SKY,Conqueror,Random,Battleship,10,9/10/2022,9/10/2022,30,0.5333,0.5667,12,0.75,1343,1343,109903.7,0.93,3.7932,256320,2775598,7,0.23,0,0,0,0,19599,56926,97,207
36thFink,R-SKY,Yueyang,Random,Destroyer,10,9/15/2023,9/15/2023,33,0.5455,0.4848,11,0.6111,1628,1628,64109.52,1.24,2.3795,138135,1538636,61,1.85,0,0,17,10.3125,48518.5455,133519,1396,348
36thFink,R-SKY,Grosser Kurfürst,Random,Battleship,10,8/12/2023,8/12/2023,32,0.4063,0.1875,5,0.3846,1328,1328,80441.06,0.81,3.3709,149335,3352462,16,0.5,0,0.1875,0,0,20944.9063,59941,5,299
36thFink,R-SKY,Preussen,Random,Battleship,10,1/1/2023,1/1/2023,18,0.5,0.4444,3,0.3333,1349,790.7931,86498.11,0.89,2.9337,141850,3646600,3,0.17,0,0,0,0,17933.1111,75365,88,78
36thFink,R-SKY,Khabarovsk,Random,Destroyer,10,9/13/2023,9/13/2023,33,0.6061,0.5152,15,0.75,2002,2002,84880.58,0.85,2.2291,128051,2845835,67,2.03,0,0,2,33.3333,52731.4545,144243,824,342
36thFink,R-SKY,Småland,Random,Destroyer,10,9/15/2023,9/15/2023,40,0.575,0.5,17,0.7391,2086,2086,65971.18,1.3,2.7735,155842,1982500,70,1.75,0,0,7,13.6719,49187.3,175449,1545,568
36thFink,R-SKY,Venezia,Random,Cruiser,10,9/17/2023,9/17/2023,52,0.4231,0.5769,19,0.8636,1365,1365,91622.69,1.1,2.6226,186009,2574500,20,0.38,0,0,2,20.6571,24047.9231,63284,377,724
36thFink,R-SKY,République,Random,Battleship,10,8/14/2022,8/14/2022,40,0.45,0.375,13,0.7222,1398,1398,106028.1,0.95,3.1432,191851,3209600,6,0.15,0,0,0,0,18011.85,49125,189,186
36thFink,R-SKY,Gda?sk,Random,Destroyer,10,9/15/2023,9/15/2023,8,0.375,0.25,2,0.6667,1208,291.5862,65831.63,1,2.4959,112395,1067100,11,1.38,0,0,1,15.5556,43828.75,71184,265,139
36thFink,R-SKY,San Martín,Random,Cruiser,10,9/2/2023,9/2/2023,10,0.7,0.6,5,0.7143,1724,535.0345,80078.9,1.2,2.1799,145647,1077167,7,0.7,0,0,3,14.0909,28834.1,84448,91,56
36thFink,R-SKY,Plymouth,Random,Cruiser,10,9/17/2023,9/17/2023,19,0.5789,0.5789,10,0.9091,1510,937.2414,68083.53,1.21,2.883,138330,1470400,8,0.42,0,0,0,0,25771.5789,113102,227,228
36thFink,R-SKY,Bourgogne,Random,Battleship,10,7/21/2023,7/21/2023,17,0.7059,0.7647,9,0.75,1707,941.7931,123728.12,1.65,3.3427,181238,2398030,4,0.24,0,0.0588,0,0,24518.2353,72462,28,107
36thFink,R-SKY,Yodo,Random,Cruiser,10,8/11/2023,8/11/2023,17,0.3529,0.4706,6,1,1283,707.8621,76818.76,0.82,3.1001,128400,2145833,6,0.35,0,0.1176,1,52.5,13804.1176,39241,64,65
36thFink,R-SKY,Goliath,Random,Cruiser,10,9/17/2023,9/17/2023,42,0.5952,0.5238,18,0.72,1478,1478,93736.67,1,3.0035,208566,2771033,21,0.5,0,0,3,28.8889,24396.9762,86768,665,533
36thFink,R-SKY,Hindenburg,Random,Cruiser,10,9/13/2023,9/13/2023,55,0.6182,0.5455,26,0.7647,1900,1900,97890.27,1.02,3.0998,190342,2789577,21,0.38,0,0,3,9.5,24768.2545,126243,198,426
36thFink,R-SKY,Thunderer,Random,Battleship,10,8/12/2023,8/12/2023,119,0.5714,0.563,58,0.8529,1725,1725,126286.45,1.15,3.087,256038,2802119,20,0.17,0.0084,0.0084,0,0,20694.1261,148798,588,420
36thFink,R-SKY,Austin,Random,Cruiser,10,8/15/2023,8/15/2023,4,0.75,1,3,1,1936,200.2759,78383.5,1.5,2.9224,94531,1215133,1,0.25,0,0,0,0,23893.75,41059,0,0
36thFink,R-SKY,Ohio,Random,Battleship,10,8/11/2023,8/11/2023,39,0.6667,0.6154,23,0.8846,1596,1596,107943.97,1.21,3.3025,216813,4282100,6,0.15,0,0.0513,0,0,27914.3846,140787,285,438
36thFink,R-SKY,Salem,Random,Cruiser,10,8/4/2023,8/5/2023,31,0.6774,0.5161,14,0.6667,1768,1768,78738.42,0.9,3.0852,173671,2925300,8,0.26,0,0.0323,0,0,22178.871,104488,286,271
36thFink,R-SKY,Marseille,Random,Cruiser,10,7/21/2023,7/21/2023,12,0.6667,0.75,7,0.875,1502,569.7241,100044.5,0.83,2.4327,175502,2437500,4,0.33,0,0,0,0,20604,38662,95,11
36thFink,R-SKY,Jinan,Random,Cruiser,10,8/12/2023,8/12/2023,15,0.7333,0.8,11,1,1937,935.1034,90283,0.6,3.3037,202201,987000,9,0.6,0,0,0,0,24534,48765,453,222
36thFink,R-SKY,Forrest Sherman,Random,Destroyer,10,9/15/2023,9/15/2023,96,0.5208,0.4688,38,0.76,2242,2242,93059.91,1.01,2.2396,226541,1834500,140,1.46,0,0,1,22,24351.3958,88905,2077,1438
36thFink,R-SKY,Attilio Regolo,Random,Destroyer,10,9/15/2023,9/15/2023,11,0.5455,0.2727,3,0.5,1004,346.2069,50101.36,0.55,2.1004,156020,1040850,25,2.27,0,0,1,22.9333,44566.0909,183498,442,126
36thFink,R-SKY,Mecklenburg,Random,Battleship,10,8/1/2023,8/1/2023,12,0.6667,0.5833,7,0.875,1378,522.6897,116108.83,0.75,2.8509,177070,3231298,4,0.33,0,0,0,0,33573.75,62068,126,41
36thFink,R-SKY,Castilla,Random,Cruiser,10,9/17/2023,9/17/2023,1,1,0,0,0,2979,0,133394,3,2.5,133394,1837631,0,0,0,0,0,0,625,625,0,25
36thFink,R-SKY,Henri IV,Random,Cruiser,10,9/17/2023,9/17/2023,38,0.6053,0.6579,18,0.7826,1746,1746,96821.39,1.16,3.0016,242413,2627340,15,0.39,0.0263,0.0263,0,0,16384.4211,79292,463,362
36thFink,R-SKY,Yoshino,Random,Cruiser,10,8/12/2023,8/12/2023,126,0.4921,0.4921,48,0.7742,1369,1369,86994.51,0.75,3.2425,246110,2566800,21,0.17,0,0.0079,7,50.1481,16448.9524,132076,496,919
36thFink,R-SKY,Druid,Random,Destroyer,10,9/15/2023,9/15/2023,12,0.5833,0.5833,5,0.7143,1520,576.5517,69240.08,1.08,1.9907,163296,1715948,19,1.58,0,0,0,0,30202.8333,63389,140,84
36thFink,R-SKY,Schlieffen,Random,Battleship,10,9/17/2023,9/17/2023,17,0.7059,0.4706,7,0.5833,2118,1168.5517,102104.94,1.71,2.6869,194193,2871732,0,0,0,0.6471,1,85.3333,23238.5294,68069,131,300
36thFink,R-SKY,Ragnar,Random,Destroyer,10,9/15/2023,9/15/2023,11,0.5455,0.5455,6,1,1431,493.4483,71485.82,0.91,2.3683,135921,1997867,20,1.82,0,0,0,0,49702.4545,120906,43,163
36thFink,R-SKY,Minotaur,Random,Cruiser,10,9/17/2023,9/17/2023,31,0.4516,0.5806,13,0.9286,1697,1697,83125.19,1.06,3.2589,151984,1801476,13,0.42,0,0,3,33.2,22666.3871,106909,488,560
36thFink,R-SKY,Daring,Random,Destroyer,10,9/15/2023,9/15/2023,82,0.7805,0.622,47,0.7344,2902,2902,87081.22,1.41,2.3139,235140,2721963,150,1.83,0,0,18,17.6378,55938.7439,215785,2537,1024
36thFink,R-SKY,Cristoforo Colombo,Random,Battleship,10,8/4/2023,8/4/2023,32,0.5313,0.4375,13,0.7647,1327,1327,96259.44,0.97,3.4149,219435,2416600,5,0.16,0.0313,0.0313,0,0,22929.7188,78508,313,180
36thFink,R-SKY,Elbing,Random,Destroyer,10,9/15/2023,9/15/2023,24,0.5,0.2917,7,0.5833,1418,1124.6207,69945.38,0.92,1.6174,175084,1653534,31,1.29,0.0417,0,3,30.7143,27639,74117,484,293
36thFink,R-SKY,Harugumo,Random,Destroyer,10,9/13/2023,9/13/2023,18,0.4444,0.3333,5,0.625,1524,893.3793,62602.61,0.94,2.8682,149812,1462400,27,1.5,0,0,1,28.2,45785.1111,189309,171,119
36thFink,R-SKY,Vampire II,Random,Destroyer,10,9/15/2023,9/15/2023,31,0.7097,0.4194,13,0.5909,2289,2289,75663.35,1.39,2.4066,151618,1579068,68,2.19,0,0,5,13.3333,41859.0645,182032,683,236
36thFink,R-SKY,Delny,Random,Destroyer,10,9/15/2023,9/15/2023,16,0.5,0.5,6,0.75,1682,870,83321.75,1.13,2.2916,142621,2393215,27,1.69,0,0,2,19,41955.1875,124577,448,270
36thFink,R-SKY,St. Vincent,Random,Battleship,10,8/4/2023,8/4/2023,11,0.6364,0.6364,6,0.8571,1562,538.6207,123402,1.09,2.8175,215336,2734500,1,0.09,0,0,1,11.5,24329.1818,54723,91,67
36thFink,R-SKY,Puerto Rico,Random,Cruiser,10,8/7/2023,8/7/2023,17,0.5294,0.4706,8,0.8889,1996,1101.2414,104439.24,1.12,2.9856,175518,3164400,12,0.71,0,0,0,0,19768,65697,20,86
36thFink,R-SKY,Kléber,Random,Destroyer,10,9/16/2023,9/16/2023,41,0.5122,0.3659,13,0.619,1478,1478,62059.73,1.12,2.4568,143214,1685700,71,1.73,0,0,7,18,44000.5122,192151,752,561
36thFink,R-SKY,Worcester,Random,Cruiser,10,9/17/2023,9/17/2023,130,0.5692,0.4923,49,0.6622,1913,1913,84618.83,0.95,3.9938,185984,3031334,71,0.55,0,0,0,0,18482.8077,89707,1322,1196
36thFink,R-SKY,Hayate,Random,Destroyer,10,9/15/2023,9/15/2023,43,0.6744,0.5116,21,0.7241,2353,2353,75208.02,1.16,2.6066,177366,1743163,65,1.51,0,0,10,18.5088,31422.6512,109144,1212,543
36thFink,R-SKY,Louisiana,Random,Battleship,10,8/7/2023,8/7/2023,15,0.5333,0.4667,7,0.875,938,452.8276,78209.93,0.73,2.4048,166697,3044800,8,0.53,0,0.0667,0,0,35827.0667,126825,37,177
36thFink,R-SKY,Álvaro de Bazán,Random,Destroyer,10,9/15/2023,9/15/2023,1,1,1,1,1,1956,0,47950,1,2.424,47950,1082337,1,1,0,0,0,0,55978,55978,169,0
36thFink,R-SKY,Grozovoi,Random,Destroyer,10,9/15/2023,9/15/2023,32,0.4688,0.4688,11,0.7333,1905,1905,70785.94,0.72,2.1232,174018,2314900,70,2.19,0,0,8,14.5918,42195.3125,127329,899,421
36thFink,R-SKY,Kremlin,Random,Battleship,10,12/10/2022,12/10/2022,31,0.6452,0.4194,11,0.55,1592,1592,93060.58,1.06,2.8905,171246,4424202,6,0.19,0.0645,0,0,0,20794.5806,79897,68,280
36thFink,R-SKY,Z-52,Random,Destroyer,10,9/15/2023,9/15/2023,32,0.5938,0.5313,14,0.7368,2134,2134,61110.66,0.94,2.1212,149224,1280622,66,2.06,0,0,6,14.3871,56610.6875,247190,1772,602
36thFink,R-SKY,Shikishima,Random,Battleship,10,8/4/2023,8/4/2023,41,0.5366,0.5366,17,0.7727,1394,1394,116285.02,1,2.9301,242933,4017736,6,0.15,0.0244,0,0,0,16402.9268,54377,97,119
36thFink,R-SKY,Alexander Nevsky,Random,Cruiser,10,9/17/2023,9/17/2023,31,0.5806,0.5484,15,0.8333,1295,1295,75943.77,0.74,3.006,150163,2677000,29,0.94,0,0,0,0,21401.2581,58718,251,390
36thFink,R-SKY,Colbert,Random,Cruiser,10,8/14/2023,8/14/2023,18,0.6111,0.5556,8,0.7273,1676,982.4828,82716.72,1.17,3.4379,167801,1472766,5,0.28,0,0,0,0,14297,45883,177,119
36thFink,R-SKY,Napoli,Random,Cruiser,10,8/12/2023,8/12/2023,33,0.6667,0.5758,17,0.7727,1824,1824,80021.67,1.09,2.6563,130219,2724997,23,0.7,0,0.2727,5,15.5714,34662.2727,108751,455,392
36thFink,R-SKY,Moskva,Random,Cruiser,10,9/13/2023,9/13/2023,44,0.5682,0.4091,16,0.64,1659,1659,68615.23,1.02,2.5934,149487,3465000,24,0.55,0.0227,0.0227,0,0,29083.0227,92214,143,539
36thFink,R-SKY,Petropavlovsk,Random,Cruiser,10,9/3/2023,9/3/2023,34,0.5588,0.5294,14,0.7368,1903,1903,90485.65,1.24,2.2588,171155,2480909,29,0.85,0.0294,0,0,0,26876.1471,87457,497,616
36thFink,R-SKY,Incomparable,Random,Battleship,10,8/11/2023,8/11/2023,15,0.6667,0.4,6,0.6,942,454.7586,69523.33,0.73,2.622,124529,2274924,2,0.13,0,0,0,0,17946.0667,55135,41,105
36thFink,R-SKY,Marceau,Random,Destroyer,10,9/16/2023,9/16/2023,35,0.5143,0.4,10,0.5556,2164,2164,66554.46,1.2,2.5304,150312,2018468,65,1.86,0,0,6,11.8302,40034.3143,127965,1121,215
36thFink,R-SKY,Vermont,Random,Battleship,10,8/14/2022,8/14/2022,30,0.5333,0.4333,13,0.8125,1460,1460,102056.93,1.07,3.0754,201744,3602200,3,0.1,0.0333,0,0,0,19881.7667,73985,147,84
36thFink,R-SKY,Tromp,Random,Destroyer,10,9/15/2023,9/15/2023,26,0.8077,0.4615,11,0.5238,2075,1788.7931,71746.38,0.69,2.3328,173933,2937500,31,1.19,0,0,0,0,34249.1923,136002,516,649
36thFink,R-SKY,Halland,Random,Destroyer,10,9/13/2023,9/13/2023,44,0.5227,0.3636,10,0.4348,1441,1441,52868.11,0.84,2.9374,169036,1201319,73,1.66,0,0,9,9.8798,54075.4091,164244,1706,300
36thFink,R-SKY,Shimakaze,Random,Destroyer,10,9/13/2023,9/13/2023,77,0.4286,0.3247,22,0.6667,1307,1307,47589.61,0.82,2.034,196469,973500,162,2.1,0,0,41,19.8857,37704.9481,182794,3224,340
36thFink,R-SKY,Za?,Random,Cruiser,10,9/17/2023,9/17/2023,33,0.4848,0.4848,12,0.75,1555,1555,79057.88,1.12,2.8868,150388,2265950,12,0.36,0,0,2,55,26432.7879,138094,388,372
36thFink,R-SKY,Montana,Random,Battleship,10,8/11/2023,8/11/2023,138,0.5145,0.3623,43,0.6056,1327,1327,85716.46,0.84,3.4864,271652,4970202,22,0.16,0.0072,0.0145,0,0,23118.3623,124650,196,701
36thFink,R-SKY,Gearing,Random,Destroyer,10,9/13/2023,9/13/2023,17,0.5294,0.5294,8,0.8889,2193,1209.931,71452.94,1,2.5326,146123,2302433,35,2.06,0,0,6,14,69069.2941,154662,802,132
36thFink,R-SKY,Yamato,Random,Battleship,10,9/10/2022,9/10/2022,33,0.4545,0.303,9,0.6,1415,1415,95308.15,0.7,3.2284,183228,3276270,5,0.15,0.0303,0,0,0,21474.7879,86814,169,104
36thFink,R-SKY,Des Moines,Random,Cruiser,10,8/11/2023,8/11/2023,36,0.5833,0.4444,14,0.6667,1723,1723,73352.44,0.81,2.7196,197136,2474900,26,0.72,0,0,0,0,23670.75,94741,432,264
_Redback,R-SKY,Gibraltar,Random,Cruiser,10,9/15/2023,9/15/2023,6,0.8333,0.8333,5,1,1485,256.0345,46327,2,3.6606,88364,1282634,0,0,0,0.3333,0,0,23240,37421,158,44
_Redback,R-SKY,Slava,Random,Battleship,10,9/15/2023,9/15/2023,45,0.5778,0.4222,17,0.6538,1018,1018,82219.33,0.73,2.6933,175896,2851451,2,0.04,0,0,0,0,15506.0889,54900,18,252
_Redback,R-SKY,Conqueror,Random,Battleship,10,9/15/2023,9/15/2023,13,0.5385,0.4615,5,0.7143,1004,415.4483,88953,0.69,4.235,175292,2662078,1,0.08,0,0,0,0,27399.6154,45864,28,83
_Redback,R-SKY,Hindenburg,Random,Cruiser,10,7/8/2023,7/8/2023,146,0.4863,0.2671,32,0.4507,842,842,52141.68,0.66,3.9796,140704,2237900,59,0.4,0.0068,0.0205,25,23.5644,24095.7397,151230,769,873
_Redback,R-SKY,Grosser Kurfürst,Random,Battleship,10,5/26/2023,5/26/2023,22,0.5909,0.2273,4,0.3077,1205,872.5862,67007.64,0.64,4.0918,130565,3338000,2,0.09,0.0455,0.0909,0,0,24603.9091,61261,88,376
_Redback,R-SKY,Preussen,Random,Battleship,10,5/5/2023,5/5/2023,34,0.5882,0.4118,11,0.55,1308,1308,80742.65,0.79,3.5362,201761,3154698,12,0.35,0,0.1471,0,0,18251.1765,66142,76,115
_Redback,R-SKY,Småland,Random,Destroyer,10,9/17/2023,9/17/2023,1,0,0,0,0,393,0,11070,1,2.7556,11070,971268,3,3,0,0,0,0,85280,85280,61,9
_Redback,R-SKY,République,Random,Battleship,10,9/15/2023,9/15/2023,87,0.5632,0.2184,18,0.3673,1107,1107,78938.49,0.82,3.719,192426,3042470,9,0.1,0.0575,0.0805,0,0,21153.8966,87841,305,540
_Redback,R-SKY,Vermont,Random,Battleship,10,8/31/2023,8/31/2023,3,0.6667,0.3333,1,0.5,1435,98.9655,91929.67,1,3.8926,143908,2011090,0,0,0,0,0,0,22137.3333,33798,0,12
_Redback,R-SKY,San Martín,Random,Cruiser,10,9/15/2023,9/15/2023,3,1,0.3333,1,0.3333,847,58.4138,22335,0.67,3.2773,44865,809800,0,0,0,0,1,15,89055.3333,133841,103,4
_Redback,R-SKY,Bourgogne,Random,Battleship,10,9/10/2023,9/10/2023,338,0.5592,0.3669,107,0.5661,1047,1047,96401.54,0.98,3.6193,210678,3566900,44,0.13,0.0148,0.0414,0,0,23422.7544,116685,1147,1900
_Redback,R-SKY,Plymouth,Random,Cruiser,10,12/10/2022,12/10/2022,4,0.25,0.25,1,1,576,59.5862,40072.5,0.75,4.0136,70100,722716,1,0.25,0,0,0,0,27397.5,47530,2,70
_Redback,R-SKY,Goliath,Random,Cruiser,10,5/6/2023,5/6/2023,2,0.5,0,0,0,335,11.5517,28289.5,0.5,3.4,54038,626400,0,0,0,0,0,0,2946.5,5893,0,0
_Redback,R-SKY,Schlieffen,Random,Battleship,10,9/13/2023,9/13/2023,217,0.5161,0.1521,32,0.2857,1341,1341,85260.59,0.94,3.0302,243221,3940500,65,0.3,0.0092,0.4885,11,67.1364,21701.3779,94819,1450,1487
_Redback,R-SKY,Thunderer,Random,Battleship,10,3/10/2023,3/10/2023,29,0.3103,0.2069,5,0.5556,807,779.1724,85252.1,0.69,3.3167,158907,2700032,3,0.1,0,0,0,0,16947.7931,49878,109,65
_Redback,R-SKY,Ohio,Random,Battleship,10,9/16/2023,9/16/2023,210,0.6143,0.4238,76,0.5891,1286,1286,93728.99,0.99,3.5545,190347,4970200,31,0.15,0.019,0.1238,0,0,23076.3476,96119,716,873
_Redback,R-SKY,Salem,Random,Cruiser,10,6/11/2023,6/11/2023,13,0.5385,0.3846,5,0.7143,1086,449.3793,53350.62,0.77,3.2649,142503,1858998,8,0.62,0,0,0,0,37134.5385,108201,54,4
_Redback,R-SKY,Sevastopol,Random,Cruiser,10,8/18/2023,8/18/2023,30,0.5,0.3333,8,0.5333,1052,1052,67609.23,1,2.3738,148568,2214598,8,0.27,0.0333,0.0333,0,0,28180.3,85884,190,74
_Redback,R-SKY,Marseille,Random,Cruiser,10,8/12/2023,8/12/2023,2,1,0.5,1,0.5,1062,36.6207,55020.5,0.5,3.0909,55159,1011500,1,0.5,0,0,0,0,84390.5,110114,0,0
_Redback,R-SKY,Forrest Sherman,Random,Destroyer,10,6/23/2023,6/23/2023,1,1,1,1,1,1779,0,49739,1,2.4627,49739,794300,0,0,0,0,0,0,10475,10475,0,5
_Redback,R-SKY,Mecklenburg,Random,Battleship,10,9/15/2023,9/15/2023,95,0.5158,0.2316,19,0.3878,860,860,82145.76,0.77,3.442,206597,3329000,17,0.18,0.0211,0.1474,3,32.2105,22173.0526,88721,306,490
_Redback,R-SKY,Smolensk,Random,Cruiser,10,9/16/2022,9/16/2022,4,0.5,0.25,1,0.5,724,74.8966,53164.75,0.5,3.1833,80963,1281668,0,0,0,0,0,0,9841.25,27325,0,0
_Redback,R-SKY,Henri IV,Random,Cruiser,10,4/9/2023,4/9/2023,42,0.4524,0.381,13,0.6842,973,973,62405.55,0.93,3.8824,136457,2578566,14,0.33,0,0,1,78,19021.7857,74488,288,257
_Redback,R-SKY,Druid,Random,Destroyer,10,1/29/2022,1/29/2022,3,1,0.6667,2,0.6667,1139,78.5517,33368.67,1,2.6871,64473,956302,7,2.33,0,0,0,0,37610.6667,58893,65,1
_Redback,R-SKY,Minotaur,Random,Cruiser,10,8/6/2023,8/6/2023,149,0.4497,0.3624,36,0.5373,1057,1057,53638.13,0.9,4.0976,155242,1644750,89,0.6,0.0067,0,17,39.6503,15197.6913,78404,1803,935
_Redback,R-SKY,Daring,Random,Destroyer,10,4/25/2023,4/25/2023,6,0.5,0.5,3,1,347,59.8276,20607.5,0.33,3.216,49217,966000,4,0.67,0,0,0,0,30934.8333,80238,262,2
_Redback,R-SKY,Cristoforo Colombo,Random,Battleship,10,9/15/2023,9/15/2023,66,0.5303,0.4242,25,0.7143,1156,1156,86953.64,0.85,4.1436,203612,3614332,19,0.29,0,0.0455,0,0,26612.2424,95849,128,191
_Redback,R-SKY,Vampire II,Random,Destroyer,10,9/17/2023,9/17/2023,14,0.2143,0.1429,2,0.6667,1080,484.1379,46789.21,1,2.7845,117988,1215540,19,1.36,0,0,2,15.2,35368.9286,79916,517,27
_Redback,R-SKY,St. Vincent,Random,Battleship,10,9/15/2023,9/15/2023,51,0.5294,0.2745,11,0.4074,1025,1025,91887.78,0.88,3.2708,190181,2968700,10,0.2,0.0588,0.0588,5,20.5625,23677.6078,93493,187,108
_Redback,R-SKY,Kremlin,Random,Battleship,10,3/19/2023,3/19/2023,12,0.4167,0.3333,4,0.8,929,352.3793,74797.25,0.67,2.8198,115410,3029440,0,0,0.0833,0,0,0,26203.1667,89645,66,38
_Redback,R-SKY,Shikishima,Random,Battleship,10,9/15/2023,9/15/2023,3,0.6667,0.3333,0,0,708,48.8276,68767.67,0.33,3.3699,97985,2768300,0,0,0,0,0,0,38985.6667,57165,0,0
_Redback,R-SKY,Colbert,Random,Cruiser,10,12/2/2021,12/2/2021,1,0,0,0,0,665,0,66561,0,0,66561,1314431,0,0,0,0,0,0,24615,24615,0,96
_Redback,R-SKY,Napoli,Random,Cruiser,10,9/15/2023,9/15/2023,84,0.4881,0.2381,18,0.439,1068,1068,58583.58,0.71,2.5063,141860,2802536,58,0.69,0.0119,0.1548,11,38.2456,35667.4524,182478,1014,284
_Redback,R-SKY,Moskva,Random,Cruiser,10,9/17/2023,9/17/2023,14,0.5,0.4286,5,0.7143,1239,555.4138,57779.57,0.79,2.3958,110233,2989810,19,1.36,0,0,0,0,29612.0714,71441,189,140
_Redback,R-SKY,Puerto Rico,Random,Cruiser,10,12/14/2022,12/14/2022,2,0.5,0,0,0,509,17.5517,49851.5,0,0,58724,2020300,0,0,0,0,0,0,17524.5,26882,0,18
_Redback,R-SKY,Petropavlovsk,Random,Cruiser,10,9/13/2023,9/13/2023,14,0.3571,0.0714,1,0.2,742,332.6207,54512.79,0.57,2.3168,110764,2621800,11,0.79,0,0.0714,0,0,27344.5,72501,231,149
_Redback,R-SKY,Stalingrad,Random,Cruiser,10,9/15/2023,9/15/2023,98,0.6327,0.3367,31,0.5,1207,1207,74139.9,0.85,2.5123,179618,2878100,78,0.8,0.0204,0.0204,0,0,27951.2143,83586,576,612
_Redback,R-SKY,Incomparable,Random,Battleship,10,12/11/2022,2/9/2023,5,0.2,0,0,0,733,101.1034,68467.8,1,2.8738,96671,1828872,3,0.6,0,0,0,0,30998.2,74740,0,7
_Redback,R-SKY,Shimakaze,Random,Destroyer,10,9/15/2023,9/15/2023,22,0.5455,0.5455,8,0.6667,907,656.7931,30909.32,0.68,2.8491,99857,1356936,21,0.95,0,0,9,44.25,59330.9091,142064,945,19
_Redback,R-SKY,Yamato,Random,Battleship,10,9/13/2023,9/13/2023,118,0.5847,0.4407,44,0.6377,1759,1759,98698.82,0.97,3.3092,228688,2921400,8,0.07,0.0169,0.0339,0,0,19447.7373,80293,310,796
_Redback,R-SKY,Montana,Random,Battleship,10,9/17/2023,9/17/2023,83,0.6265,0.4458,36,0.6923,1683,1683,96172.01,1.02,4.0041,212966,3744435,6,0.07,0.0241,0.0602,0,0,21418.3373,80555,260,230
Unlooky,R-SKY,Gouden Leeuw,Random,Cruiser,10,9/17/2023,9/17/2023,121,0.4959,0.281,29,0.4833,1317,1317,85702.64,0.69,2.5164,295136,2908836,41,0.34,0,0,0,0,19262.1653,110405,856,897
Unlooky,R-SKY,Hindenburg,Random,Cruiser,10,9/14/2023,9/14/2023,245,0.4939,0.2816,62,0.5124,1168,1168,75828.61,0.56,3.1828,204930,3317400,78,0.32,0,0.0082,8,8.6154,20080.551,115431,792,1547
Unlooky,R-SKY,Grosser Kurfürst,Random,Battleship,10,9/14/2023,9/14/2023,178,0.5337,0.1629,29,0.3053,1375,1375,78709.47,0.71,3.1712,368609,4094901,52,0.29,0.0281,0.1966,0,0,22687.6348,105993,476,852
Unlooky,R-SKY,Preussen,Random,Battleship,10,9/14/2023,9/14/2023,20,0.5,0.2,4,0.4,1643,1076.4483,104528.45,0.95,3.1908,234159,3002530,5,0.25,0,0.25,0,0,29415.5,141395,184,242
Unlooky,R-SKY,Worcester,Random,Cruiser,10,9/17/2023,9/17/2023,149,0.6174,0.3356,46,0.5,1790,1790,78120.07,0.86,3.6615,221350,2463450,54,0.36,0,0,0,0,15291.6711,70198,951,2200
Unlooky,R-SKY,Bourgogne,Random,Battleship,10,9/14/2023,9/14/2023,51,0.5294,0.3333,14,0.5185,1368,1368,120990.14,1.24,3.204,276656,3174402,4,0.08,0,0.0392,0,0,18846.1961,64141,138,170
Unlooky,R-SKY,Goliath,Random,Cruiser,10,9/14/2023,9/14/2023,27,0.4074,0.3704,8,0.7273,1722,1543.8621,115023.04,1.3,2.3389,237305,3676831,13,0.48,0,0,0,0,21670.5926,75567,84,282
Unlooky,R-SKY,Schlieffen,Random,Battleship,10,9/14/2023,9/14/2023,40,0.35,0.125,5,0.3571,1318,1318,96393.2,0.88,2.7929,205673,2590954,7,0.17,0,0.575,2,27.3333,17207.825,62434,137,402
Unlooky,R-SKY,Ohio,Random,Battleship,10,9/13/2023,9/13/2023,40,0.625,0.375,15,0.6,1868,1868,120728.5,1.6,2.786,274387,4008600,6,0.15,0,0.275,0,0,25696.775,81169,215,223
Unlooky,R-SKY,Conqueror,Random,Battleship,10,9/14/2023,9/14/2023,45,0.6222,0.4667,19,0.6786,1908,1908,142466.47,1.18,3.4681,291067,3786939,4,0.09,0,0,0,0,17156.8222,68983,82,202
Unlooky,R-SKY,Jinan,Random,Cruiser,10,9/17/2023,9/17/2023,59,0.5085,0.2542,12,0.4,1417,1417,70713.78,0.8,3.0161,202420,3280888,27,0.46,0,0,10,23.6709,22139.7458,85808,718,655
Unlooky,R-SKY,St. Vincent,Random,Battleship,10,9/14/2023,9/14/2023,18,0.5,0.3333,6,0.6667,1320,773.7931,116344.67,1,2.61,194135,2565700,0,0,0,0.1111,1,11,21297.4444,78291,0,74
Unlooky,R-SKY,Henri IV,Random,Cruiser,10,9/14/2023,9/14/2023,28,0.5,0.6071,12,0.8571,2112,1966.3448,118073.36,1.5,2.408,224041,2808750,8,0.29,0,0,0,0,20111.6429,83035,198,312
Unlooky,R-SKY,Venezia,Random,Cruiser,10,9/14/2023,9/14/2023,133,0.594,0.4887,56,0.7089,1289,1289,82934.29,0.81,2.6436,173657,2810194,45,0.34,0.015,0,5,36,19103.9474,82590,835,1061
Unlooky,R-SKY,Minotaur,Random,Cruiser,10,9/16/2023,9/16/2023,114,0.5789,0.2982,33,0.5,1888,1888,79179.55,1.35,2.9911,255404,2261295,99,0.87,0.0088,0,10,30.5854,26308.0965,107306,1818,1799
Unlooky,R-SKY,Elbing,Random,Destroyer,10,9/14/2023,9/14/2023,11,0.7273,0.5455,5,0.625,1917,661.0345,81874,1,1.4004,158362,947237,9,0.82,0,0,0,0,54246.0909,135572,419,98
Unlooky,R-SKY,Puerto Rico,Random,Cruiser,10,9/13/2023,9/13/2023,45,0.5333,0.3556,13,0.5417,2014,2014,106192.13,1.09,3.0641,252658,2803432,11,0.24,0,0.0222,0,0,17977,86558,167,308
Unlooky,R-SKY,Brisbane,Random,Cruiser,10,9/14/2023,9/14/2023,65,0.5385,0.3846,21,0.6,1843,1843,78733.29,1.06,3.1506,223593,2285448,64,0.98,0,0,14,21.3253,33197.7231,101062,913,1540
Unlooky,R-SKY,Hayate,Random,Destroyer,10,9/13/2023,9/13/2023,17,0.5294,0.1765,3,0.3333,1416,781.2414,51193.94,0.82,2.3183,143701,1012065,20,1.18,0,0,9,12.7027,37247.1176,113479,529,150
Unlooky,R-SKY,Z-52,Random,Destroyer,10,9/14/2023,9/14/2023,29,0.4828,0.3103,7,0.5,1255,1211.7241,42910.79,0.55,2.2781,135279,1185803,56,1.93,0,0,1,22.2353,39189.5172,123854,1211,222
Unlooky,R-SKY,Moskva,Random,Cruiser,10,9/15/2023,9/15/2023,142,0.4155,0.2465,30,0.5085,1203,1203,69542.41,0.51,2.5232,203937,4068100,87,0.61,0,0,0,0,21011.2113,85587,414,835
Unlooky,R-SKY,Stalingrad,Random,Cruiser,10,9/17/2023,9/17/2023,135,0.5259,0.4074,47,0.662,1629,1629,101106.48,1.15,2.3119,221312,4387504,63,0.47,0.0222,0.0074,0,0,23765.0222,107749,617,1156
Unlooky,R-SKY,Marceau,Random,Destroyer,10,9/17/2023,9/17/2023,18,0.5556,0.2222,3,0.3,1282,751.5172,40519.78,0.83,3.0263,91320,1851303,35,1.94,0,0,0,0,27308.8333,125995,434,363
Unlooky,R-SKY,Marseille,Random,Cruiser,10,9/14/2023,9/14/2023,39,0.5897,0.4359,15,0.6522,1396,1396,97216.56,0.85,2.6171,202322,3199064,13,0.33,0.0256,0.0256,0,0,27110.0513,78453,294,166
Unlooky,R-SKY,Shimakaze,Random,Destroyer,10,4/15/2023,4/15/2023,10,0.4,0.3,2,0.5,1033,320.5862,35188.4,1,2.4211,63096,919300,21,2.1,0,0,2,26.7647,58922.6,202419,254,78
Unlooky,R-SKY,Za?,Random,Cruiser,10,9/13/2023,9/13/2023,56,0.5893,0.4107,21,0.6364,1431,1431,80795.27,0.61,2.6627,168072,2240700,16,0.29,0,0.0179,5,52.5,21872.6071,113041,452,375
Unlooky,R-SKY,Yamato,Random,Battleship,10,9/13/2023,9/13/2023,49,0.4082,0.3265,13,0.65,1796,1796,114130.08,0.98,2.8944,237448,4121101,3,0.06,0,0.0204,0,0,17571.4082,57187,146,131
Unlooky,R-SKY,Montana,Random,Battleship,10,9/17/2023,9/17/2023,55,0.6182,0.3818,17,0.5,1862,1862,108217.65,1.05,3.2275,229036,3743200,7,0.13,0,0.0182,0,0,16549.6545,71602,384,163
Unlooky,R-SKY,Gearing,Random,Destroyer,10,9/13/2023,9/13/2023,12,0.5833,0.25,3,0.4286,1806,685.0345,55360.33,1,2.729,82836,1539600,17,1.42,0,0,5,21.2963,46488.3333,156293,458,168
Unlooky,R-SKY,Des Moines,Random,Cruiser,10,9/13/2023,9/13/2023,104,0.5192,0.2115,19,0.3519,1779,1779,77737.38,0.87,2.6873,185558,2769596,72,0.69,0.0096,0.0192,0,0,17531.1538,92026,534,1080
JadedApprentince,B-SKY,Austin,Random,Cruiser,10,8/30/2023,8/30/2023,35,0.5714,0.4286,13,0.65,1231,1231,61269.74,0.97,2.5877,159223,2270854,21,0.6,0,0,6,24.5833,24873.0857,200956,510,279
JadedApprentince,B-SKY,Shikishima,Random,Battleship,10,9/17/2023,9/17/2023,433,0.5843,0.2633,105,0.415,1198,1198,99055.54,0.89,2.9487,251428,4473320,120,0.28,0.0185,0.1455,0,0,19231.2818,111764,1191,2137
JadedApprentince,B-SKY,Yoshino,Random,Cruiser,10,9/17/2023,9/17/2023,41,0.6585,0.3415,13,0.4815,1816,1816,77777.15,1.51,2.6136,226901,4016406,19,0.46,0,0.0732,5,49.4545,25718.3171,78259,453,315
JadedApprentince,B-SKY,Harugumo,Random,Destroyer,10,9/16/2023,9/16/2023,205,0.561,0.3268,57,0.4957,1531,1531,58385.8,0.91,2.7599,224060,1654000,304,1.48,0,0,36,23.9577,28503.722,132022,5640,1158
JadedApprentince,B-SKY,Yodo,Random,Cruiser,10,9/14/2023,9/14/2023,38,0.5526,0.3947,11,0.5238,1090,1090,57365.21,0.74,3.1853,154300,2353908,18,0.47,0,0.0263,9,56.7692,23061.2368,103527,235,476
JadedApprentince,B-SKY,Hayate,Random,Destroyer,10,9/10/2023,9/10/2023,153,0.4902,0.3529,43,0.5733,1357,1357,47258.65,1.01,2.4571,204762,1365800,275,1.8,0.0065,0,61,16.2292,39179.7712,155864,4252,913
JadedApprentince,B-SKY,Shimakaze,Random,Destroyer,10,9/16/2023,9/16/2023,301,0.6379,0.5183,131,0.6823,2134,2134,61717.74,1.26,2.2852,276510,1799500,655,2.18,0,0,206,17.9248,56210.2591,297393,11694,2135
JadedApprentince,B-SKY,Des Moines,Random,Cruiser,10,9/1/2023,9/1/2023,10,0.6,0.3,3,0.5,1812,562.3448,71525.3,1,2.3292,109193,1592058,9,0.9,0,0,0,0,42032.1,99699,101,24
JadedApprentince,B-SKY,Za?,Random,Cruiser,10,8/27/2023,8/27/2023,133,0.4887,0.3609,41,0.6308,1533,1533,81653.59,0.98,2.3086,237992,3496300,67,0.5,0.0075,0.0301,14,39.4667,23813.188,130508,1139,531
JadedApprentince,B-SKY,Yamato,Random,Battleship,10,9/17/2023,9/17/2023,151,0.5232,0.2583,35,0.443,1595,1595,91548.31,0.99,3.1368,236319,3702486,26,0.17,0.0132,0.0331,0,0,19371.6225,94700,583,754
Arice12180,B-SKY,Slava,Random,Battleship,10,9/15/2023,9/15/2023,46,0.5435,0.587,18,0.72,1848,1848,135588.11,1.28,2.2413,262910,3011200,6,0.13,0,0.0435,0,0,20097.1739,74833,80,213
Arice12180,B-SKY,Austin,Random,Cruiser,10,9/17/2023,9/17/2023,97,0.5979,0.268,25,0.431,1794,1794,91776.05,0.92,2.3661,242831,3035450,24,0.25,0.0103,0,3,23.75,18070.8041,95114,626,1020
Arice12180,B-SKY,Vermont,Random,Battleship,10,9/16/2023,9/16/2023,145,0.6483,0.5793,75,0.7979,2162,2162,136190.54,1.41,2.8173,312710,3888434,28,0.19,0,0,0,0,26636.5517,110909,619,803
Arice12180,B-SKY,Gda?sk,Random,Destroyer,10,9/15/2023,9/15/2023,30,0.6667,0.6,16,0.8,2263,2263,94445.57,1.53,2.268,202414,1308104,47,1.57,0,0,3,24.2857,33863.2333,93947,428,294
Arice12180,B-SKY,Brisbane,Random,Cruiser,10,9/13/2023,9/13/2023,2,1,0.5,1,0.5,1226,42.2759,50465.5,0,0,62421,1070838,2,1,0,0,0,0,9548.5,13111,20,77
Arice12180,B-SKY,Schlieffen,Random,Battleship,10,9/13/2023,9/13/2023,60,0.6,0.2,11,0.3056,1483,1483,96090.42,0.7,2.5356,228580,3732699,22,0.37,0,0.3,3,17.5,21790.9167,80977,325,330
Arice12180,B-SKY,Thunderer,Random,Battleship,10,9/14/2023,9/14/2023,88,0.625,0.4432,36,0.6545,1733,1733,124646.69,1.09,2.6893,301528,3248550,9,0.1,0.0114,0,0,0,24379.1591,143113,189,464
Arice12180,B-SKY,Forrest Sherman,Random,Destroyer,10,9/15/2023,9/15/2023,85,0.7412,0.5412,41,0.6508,3096,3096,112382.27,1.41,2.0919,217949,1785301,103,1.21,0.0118,0,1,36.8333,33365.9529,124176,1828,1380
Arice12180,B-SKY,Henri IV,Random,Cruiser,10,4/1/2023,5/24/2023,86,0.7558,0.5349,40,0.6154,2601,2601,137877.95,1.36,2.4757,263921,3128500,23,0.27,0,0.0116,1,63,25230.6163,114275,193,1209
Arice12180,B-SKY,Venezia,Random,Cruiser,10,7/5/2023,7/5/2023,1,1,0,0,0,1972,0,96310,1,0,96310,1849521,0,0,0,0,1,9,38481,38481,0,0
Arice12180,B-SKY,Ragnar,Random,Destroyer,10,7/18/2023,7/18/2023,77,0.6234,0.5195,36,0.75,1715,1715,78029.48,1.12,1.8935,186672,2477000,93,1.21,0.013,0,0,0,39448.9481,109681,1159,966
Arice12180,B-SKY,Minotaur,Random,Cruiser,10,9/15/2023,9/15/2023,11,0.2727,0.4545,2,0.6667,1269,437.5862,77478.82,0.64,2.8899,131494,1730200,4,0.36,0,0,1,52,11635.8182,33912,111,223
Arice12180,B-SKY,Yoshino,Random,Cruiser,10,7/18/2023,7/18/2023,35,0.4286,0.4286,11,0.7333,847,847,66920.49,0.46,2.7703,201032,2961300,10,0.29,0,0,1,260,15793.3143,65114,49,127
Arice12180,B-SKY,Harugumo,Random,Destroyer,10,6/18/2023,6/18/2023,9,0.4444,0.3333,3,0.75,1105,304.8276,45741.44,0.89,2.2564,134578,1377208,15,1.67,0,0,1,40,32777,74102,200,102
Arice12180,B-SKY,Delny,Random,Destroyer,10,9/6/2023,9/6/2023,2,1,1,2,1,2327,80.2414,106975,0.5,1.8851,109197,2673200,3,1.5,0,0,0,0,63064,70795,121,26
Arice12180,B-SKY,Marceau,Random,Destroyer,10,7/15/2023,7/15/2023,58,0.4655,0.3621,18,0.6667,1612,1612,55106.14,0.84,2.5897,195103,1918053,100,1.72,0,0,3,35.7143,38371.0172,148064,1705,579
Arice12180,B-SKY,Kléber,Random,Destroyer,10,9/15/2023,9/15/2023,3,0.6667,1,2,1,2889,199.2414,115774.33,1.33,2.0177,188043,1102000,6,2,0,0,0,0,43974.3333,84445,61,10
Arice12180,B-SKY,Worcester,Random,Cruiser,10,9/17/2023,9/17/2023,108,0.5926,0.4259,41,0.6406,2187,2187,95617.8,1.01,3.5254,188465,3164817,33,0.31,0,0,0,0,20160.787,85816,644,1082
Arice12180,B-SKY,Alexander Nevsky,Random,Cruiser,10,9/15/2023,9/15/2023,20,0.55,0.35,6,0.5455,1563,1024.0345,85082.7,1.05,2.2746,158598,3079650,12,0.6,0,0,1,20,31037.65,66732,0,267
Arice12180,B-SKY,Colbert,Random,Cruiser,10,9/15/2023,9/15/2023,128,0.625,0.4297,47,0.5875,2593,2593,128742.95,1.45,2.9917,340031,4733866,41,0.32,0,0,0,0,18646.8906,84869,969,933
Arice12180,B-SKY,Napoli,Random,Cruiser,10,9/13/2023,9/13/2023,10,0.8,0.6,6,0.75,2031,630.3103,78616,1.3,2.108,125325,2340536,6,0.6,0,0.3,1,16,19281.3,34586,146,67
Arice12180,B-SKY,Moskva,Random,Cruiser,10,9/17/2023,9/17/2023,38,0.5,0.3684,13,0.6842,2482,2482,116255.47,1.03,2.2534,224077,3334398,15,0.39,0,0,0,0,19817.3947,75588,195,388
Arice12180,B-SKY,Petropavlovsk,Random,Cruiser,10,9/15/2023,9/15/2023,254,0.5827,0.3465,83,0.5608,1872,1872,93523.73,1.02,2.1443,230804,3822995,163,0.64,0.0118,0.0197,0,0,26665.0276,151197,1893,2324
Arice12180,B-SKY,St. Vincent,Random,Battleship,10,9/15/2023,9/15/2023,11,0.5455,0.2727,3,0.5,1208,416.5517,117910.91,0.55,2.6719,203725,3358350,4,0.36,0,0,0,0,31602.0909,141928,8,12
Arice12180,B-SKY,Shimakaze,Random,Destroyer,10,9/14/2023,9/14/2023,44,0.5909,0.5909,20,0.7692,2272,2272,68777.7,1.25,1.9313,216271,1938121,69,1.57,0,0,25,18.9789,73216.7955,214516,1494,340
Arice12180,B-SKY,Za?,Random,Cruiser,10,9/14/2023,9/14/2023,138,0.5362,0.4855,51,0.6892,1634,1634,89177.14,0.84,2.2331,199672,2609832,48,0.35,0.0362,0.0145,13,27.6389,22943.2029,109068,1011,1245
Arice12180,B-SKY,Yamato,Random,Battleship,10,9/15/2023,9/15/2023,279,0.6093,0.4194,108,0.6353,2136,2136,119461.09,1.06,2.8974,282925,4750600,41,0.15,0.0036,0.0143,0,0,19749.0502,105992,525,1065
Arice12180,B-SKY,Montana,Random,Battleship,10,3/29/2023,3/29/2023,21,0.5238,0.4286,9,0.8182,2039,1406.2069,121259.71,1.24,3.0693,192059,3141041,1,0.05,0,0.0476,0,0,23307.5714,55208,15,84
Arice12180,B-SKY,Des Moines,Random,Cruiser,10,9/15/2023,9/15/2023,266,0.6241,0.4511,111,0.6687,2827,2827,114765.7,1.18,2.8066,258468,2955258,115,0.43,0.0075,0.0113,0,0,20466.0038,133117,1509,2749
Notha_Atfast,B-SKY,Gouden Leeuw,Random,Cruiser,10,7/28/2023,7/28/2023,55,0.4545,0.4182,18,0.72,1334,1334,88374.73,0.73,2.3256,172055,2673400,22,0.4,0.0182,0,0,0,17862.2182,69841,500,427
Notha_Atfast,B-SKY,Hindenburg,Random,Cruiser,10,9/13/2023,9/13/2023,26,0.5769,0.3462,7,0.4667,1916,1651.7241,107605,0.85,2.6597,183686,2273000,6,0.23,0,0,1,56,23596.2308,100761,66,306
Notha_Atfast,B-SKY,Vermont,Random,Battleship,10,9/13/2023,9/13/2023,92,0.6087,0.4891,38,0.6786,1582,1582,105966.39,1.05,3.4529,245153,3829200,11,0.12,0.0326,0,0,0,28116.163,141086,249,488
Notha_Atfast,B-SKY,Bourgogne,Random,Battleship,10,8/15/2023,8/15/2023,72,0.5833,0.5556,34,0.8095,1462,1462,126780.6,1.18,3.3032,244413,3093123,10,0.14,0.0139,0.0139,0,0,19667.5972,97288,484,521
Notha_Atfast,B-SKY,Yueyang,Random,Destroyer,10,9/15/2023,9/15/2023,74,0.6081,0.5541,35,0.7778,1713,1713,68270.54,1.09,2.2525,296777,1221314,116,1.57,0,0,34,14.0636,43668.4189,184384,2584,395
Notha_Atfast,B-SKY,Schlieffen,Random,Battleship,10,8/23/2023,8/23/2023,40,0.575,0.175,7,0.3043,1490,1490,87207.63,1.07,2.587,184426,3006498,11,0.28,0,0.225,3,47.7143,19640.825,120037,259,462
Notha_Atfast,B-SKY,Thunderer,Random,Battleship,10,9/15/2023,9/15/2023,28,0.5357,0.6429,15,1,1531,1425.4138,124018.54,0.86,3.0462,202271,2745800,3,0.11,0,0,0,0,20109.3214,67225,157,147
Notha_Atfast,B-SKY,Yoshino B,Random,Cruiser,10,9/13/2023,9/13/2023,8,0.375,0.25,2,0.6667,1680,405.5172,96801.13,1.25,3.0224,123466,2084298,2,0.25,0,0,0,0,17344.75,52293,20,49
Notha_Atfast,B-SKY,Ohio,Random,Battleship,10,9/13/2023,9/13/2023,55,0.6182,0.4727,21,0.6176,1536,1536,108696.09,1.15,2.9501,216422,2783650,12,0.22,0.0182,0.1091,0,0,22421.8,98970,96,444
Notha_Atfast,B-SKY,Salem,Random,Cruiser,10,3/8/2023,3/8/2023,1,1,1,1,1,4851,0,142878,4,3.1902,142878,643198,1,1,0,0,0,0,38427,38427,27,0
Notha_Atfast,B-SKY,Conqueror,Random,Battleship,10,9/13/2023,9/13/2023,90,0.5444,0.4778,38,0.7755,1652,1652,126587.82,1.18,3.5593,305849,4110028,17,0.19,0.0111,0.0222,0,0,21393.4333,104633,207,617
Notha_Atfast,B-SKY,Forrest Sherman,Random,Destroyer,10,8/21/2023,8/21/2023,19,0.4737,0.3158,5,0.5556,1453,901.8621,60812.95,0.95,2.342,105518,1180152,27,1.42,0,0,0,0,33686.5789,148268,347,310
Notha_Atfast,B-SKY,Mecklenburg,Random,Battleship,10,9/13/2023,9/13/2023,142,0.5563,0.4437,55,0.6962,1488,1488,121289.35,1.15,2.8249,287966,3458869,28,0.2,0.007,0.0986,4,14.4615,21693.4789,92141,423,1054
Notha_Atfast,B-SKY,Smolensk,Random,Cruiser,10,7/28/2023,7/28/2023,30,0.6667,0.5333,15,0.75,1502,1502,80473.07,0.9,2.979,168661,2009135,4,0.13,0,0,0,0,19405.8,71222,284,247
Notha_Atfast,B-SKY,Venezia,Random,Cruiser,10,9/13/2023,9/13/2023,39,0.5128,0.4615,13,0.65,1390,1390,84333.59,1.18,2.6689,176168,2225666,14,0.36,0,0,4,31.8333,19115.2821,60383,221,313
Notha_Atfast,B-SKY,Druid,Random,Destroyer,10,4/17/2023,4/17/2023,8,0.375,0.375,2,0.6667,700,168.9655,46953.88,0.63,2,79521,1441734,13,1.63,0.125,0,0,0,27908.625,69322,106,214
Notha_Atfast,B-SKY,Ragnar,Random,Destroyer,10,5/16/2023,5/16/2023,1,0,0,0,0,318,0,39715,0,0,39715,1029200,4,4,0,0,0,0,10979,10979,0,0
Notha_Atfast,B-SKY,Minotaur,Random,Cruiser,10,7/9/2023,7/9/2023,21,0.619,0.4762,9,0.6923,1995,1375.8621,91151.67,1,3.265,179719,1838701,4,0.19,0,0,3,21.55,19653.381,59200,206,291
Notha_Atfast,B-SKY,Daring,Random,Destroyer,10,7/21/2023,7/21/2023,7,0.4286,0.2857,2,0.6667,999,206.6897,45746.57,0.43,2.0683,84351,880686,4,0.57,0,0,0,0,35025.7143,78845,309,66
Notha_Atfast,B-SKY,Harugumo,Random,Destroyer,10,8/5/2023,8/5/2023,12,0.5833,0.3333,4,0.5714,1975,749.1379,65953.58,1.42,2.2616,116544,1004684,15,1.25,0,0,2,19.0909,15984.1667,52791,319,75
Notha_Atfast,B-SKY,St. Vincent,Random,Battleship,10,9/13/2023,9/13/2023,86,0.6279,0.5116,38,0.7037,1518,1518,117038.62,1.19,2.8858,263158,3502000,23,0.27,0.0349,0.0233,5,11.6,20608.314,70509,699,470
Notha_Atfast,B-SKY,Puerto Rico,Random,Cruiser,10,11/8/2022,11/8/2022,7,0.2857,0,0,0,866,179.1724,59610.57,0.71,2.4866,83266,1693234,6,0.86,0.1429,0,0,0,17285.7143,34680,14,14
Notha_Atfast,B-SKY,Tromp,Random,Destroyer,10,4/19/2023,4/19/2023,31,0.6452,0.4516,14,0.7,1086,1086,42988.61,0.45,2.1515,123915,1637300,53,1.71,0,0,4,32.4,59781.2258,251792,641,247
Notha_Atfast,B-SKY,Z-52,Random,Destroyer,10,9/13/2023,9/13/2023,3,0.6667,0,0,0,1601,110.4138,46106.33,0.67,0,71541,489534,2,0.67,0,0,2,18.2857,53252.6667,113038,241,44
Notha_Atfast,B-SKY,Napoli,Random,Cruiser,10,9/16/2023,9/16/2023,8,0.5,0.375,2,0.5,1023,246.931,54609.63,0.75,2.7641,84208,1962871,3,0.38,0,0.375,0,0,39868.5,164203,58,46
Notha_Atfast,B-SKY,Moskva,Random,Cruiser,10,9/16/2023,9/16/2023,5,0.4,0.2,1,0.5,1324,182.6207,67454.6,0.8,2.3591,115332,2032903,5,1,0,0.2,0,0,30492.4,51779,34,167
Notha_Atfast,B-SKY,Petropavlovsk,Random,Cruiser,10,7/6/2023,7/6/2023,1,1,0,0,0,870,0,40221,0,0,40221,1431020,4,4,0,0,0,0,68444,68444,0,0
Notha_Atfast,B-SKY,Marceau,Random,Destroyer,10,7/11/2023,7/13/2023,10,0.6,0.3,2,0.3333,1489,462.1034,52040.8,0.5,2.5371,90491,1521330,20,2,0,0,1,12.6,38832.8,73488,222,60
Notha_Atfast,B-SKY,Kremlin,Random,Battleship,10,8/20/2023,8/20/2023,23,0.6087,0.3043,6,0.4286,1382,1048.4138,88262.09,0.83,2.6992,154772,3913850,8,0.35,0,0,0,0,25801,88349,20,110
Notha_Atfast,B-SKY,Halland,Random,Destroyer,10,9/15/2023,9/15/2023,360,0.5833,0.525,155,0.7381,1790,1790,58417.65,1.14,2.4141,203335,1888994,588,1.63,0,0,188,11.224,54250.125,224581,11745,2833
Notha_Atfast,B-SKY,Shimakaze,Random,Destroyer,10,9/13/2023,9/13/2023,99,0.5556,0.4545,37,0.6727,1797,1797,56200.98,1.06,1.9782,183430,1775012,190,1.92,0,0,61,21.2674,55119.1717,209184,2874,787
Notha_Atfast,B-SKY,Montana,Random,Battleship,10,9/15/2023,9/15/2023,362,0.5387,0.4834,145,0.7436,1915,1915,115349.88,1.12,2.959,268898,4575281,69,0.19,0.011,0.0249,0,0,21854.1271,99951,1140,2298
Notha_Atfast,B-SKY,Za?,Random,Cruiser,10,9/15/2023,9/15/2023,6,0.5,0.3333,1,0.3333,2543,438.4483,120592.17,1.67,2.5,159379,1622450,2,0.33,0,0,4,8.8462,33314.5,79528,0,164
Notha_Atfast,B-SKY,Gearing,Random,Destroyer,10,9/16/2023,9/16/2023,107,0.5701,0.5421,49,0.8033,2157,2157,66657.21,1.1,2.1504,233517,1616460,203,1.9,0,0,57,14.6604,58292.243,176428,3195,1133
Notha_Atfast,B-SKY,Yamato,Random,Battleship,10,9/17/2023,9/17/2023,269,0.6022,0.4758,109,0.6728,2259,2259,121592.82,1.24,3.1243,281019,3975833,43,0.16,0.0149,0.0335,0,0,22932.0929,102158,649,1287
yitsian,B-SKY,Gouden Leeuw,Random,Cruiser,10,6/24/2023,6/24/2023,11,0.9091,0.4545,4,0.4,1467,505.8621,76752.64,0.45,2.6587,154803,2067875,7,0.64,0,0,0,0,45307.7273,117141,91,239
yitsian,B-SKY,Yueyang,Random,Destroyer,10,6/25/2023,6/25/2023,29,0.5862,0.5517,13,0.7647,1975,1906.8966,80433.69,1.14,2.6035,251529,2018796,45,1.55,0,0,12,11.0345,62897.1034,150466,1371,383
yitsian,B-SKY,San Martín,Random,Cruiser,10,8/23/2023,8/23/2023,18,0.5556,0.4444,8,0.8,1606,941.4483,84639.28,1.06,2.3582,173216,3340116,7,0.39,0,0,0,0,28240.0556,93423,179,352
yitsian,B-SKY,Preussen,Random,Battleship,10,6/2/2023,6/2/2023,34,0.5588,0.2353,8,0.4211,1797,1797,101565.59,1.24,3.1395,226484,3497072,9,0.26,0,0.4412,0,0,22333.7353,107051,82,315
yitsian,B-SKY,Gda?sk,Random,Destroyer,10,9/2/2023,9/2/2023,13,0.7692,0.6154,8,0.8,2114,874.7586,84952.77,1.38,2.5434,174430,1440050,7,0.54,0,0,0,0,38907.8462,72353,271,100
yitsian,B-SKY,Yodo,Random,Cruiser,10,9/15/2023,9/15/2023,14,0.5,0.4286,6,0.8571,1547,693.4828,78712.07,1,3.6584,155139,1866902,3,0.21,0,0,3,70,28109.5,70960,17,148
yitsian,B-SKY,Plymouth,Random,Cruiser,10,9/6/2023,9/6/2023,63,0.6667,0.3651,22,0.5238,2017,2017,89151.95,1.27,2.5086,210390,2643135,43,0.68,0,0.0317,3,26.8,28727.6984,144643,1150,1351
yitsian,B-SKY,Goliath,Random,Cruiser,10,6/12/2023,6/21/2023,93,0.5269,0.4516,35,0.7143,1626,1626,105097.85,1.13,2.8958,241843,3964467,20,0.22,0.0215,0,10,3.9636,21267.9462,90110,914,714
yitsian,B-SKY,Khabarovsk,Random,Destroyer,10,7/18/2023,7/18/2023,46,0.6087,0.413,17,0.6071,2267,2267,95130.87,0.93,2.1659,205508,3054300,60,1.3,0,0,3,80,44070.2391,112466,849,752
yitsian,B-SKY,Louisiana,Random,Battleship,10,8/26/2023,8/26/2023,23,0.6957,0.5652,13,0.8125,1781,1351.1034,108498,1.52,3.1312,156899,2735804,21,0.91,0.0435,0,0,0,51228.0435,125745,126,167
yitsian,B-SKY,Forrest Sherman,Random,Destroyer,10,7/23/2023,7/23/2023,45,0.6667,0.3333,15,0.5,2594,2594,98928.64,1.16,2.3853,233263,1720003,67,1.49,0,0,1,23.5385,35753.5111,109070,1889,834
yitsian,B-SKY,Attilio Regolo,Random,Destroyer,10,6/15/2023,6/16/2023,38,0.7105,0.4737,18,0.6667,1830,1830,73475.55,0.92,2.0095,197999,2662253,44,1.16,0,0,5,38,38295.1842,111321,1816,931
yitsian,B-SKY,Henri IV,Random,Cruiser,10,6/16/2023,6/16/2023,16,0.375,0.4375,4,0.6667,2674,1383.1034,161002.94,1.63,2.6026,287220,3213583,5,0.31,0,0,2,7.5,26088,58309,107,155
yitsian,B-SKY,Venezia,Random,Cruiser,10,9/6/2023,9/6/2023,16,0.5,0.5625,7,0.875,1195,618.1034,81049,0.88,2.4354,182095,2527401,5,0.31,0,0,1,103.5,18442.125,65351,100,285
yitsian,B-SKY,Minotaur,Random,Cruiser,10,7/26/2023,7/26/2023,149,0.5839,0.3087,45,0.5172,1649,1649,71668.7,1.13,3.2916,235883,2351700,106,0.71,0,0,10,26.7015,31731.8054,111014,2889,2505
yitsian,B-SKY,Daring,Random,Destroyer,10,9/2/2023,9/2/2023,79,0.557,0.4937,34,0.7727,1926,1926,60724.24,1.32,2.2376,177416,2067290,141,1.78,0,0,21,21.4646,49146.0633,179982,4562,855
yitsian,B-SKY,Elbing,Random,Destroyer,10,9/17/2023,9/17/2023,69,0.6957,0.3043,21,0.4375,2015,2015,85135.45,1.14,1.7227,198968,1619600,73,1.06,0,0,8,46.6667,26551.971,118496,1662,868
yitsian,B-SKY,Harugumo,Random,Destroyer,10,6/21/2023,6/21/2023,143,0.5245,0.2378,31,0.4133,1534,1534,59037.23,0.97,2.7213,233617,1672969,190,1.33,0,0,17,25.4167,23469.4266,200707,4104,1358
yitsian,B-SKY,Worcester,Random,Cruiser,10,7/23/2023,7/23/2023,34,0.5294,0.4412,15,0.8333,1475,1475,67733.47,0.82,4.3641,150194,2659335,8,0.24,0,0,0,0,20466.1471,67045,394,497
yitsian,B-SKY,Delny,Random,Destroyer,10,6/16/2023,6/16/2023,10,0.6,0.5,4,0.6667,2227,691.1379,103187.9,1.3,2.2633,165707,3958950,8,0.8,0,0,1,48,68383,168795,316,253
yitsian,B-SKY,Jinan,Random,Cruiser,10,8/13/2023,8/13/2023,12,0.5,0.5,6,1,1490,565.1724,74015.25,0.83,3.4594,115542,1742992,2,0.17,0,0,1,48.6364,17745.5,73948,217,74
yitsian,B-SKY,Kléber,Random,Destroyer,10,7/9/2023,7/9/2023,228,0.5833,0.307,63,0.4737,2127,2127,86930.29,1.21,2.5729,276870,2702800,344,1.51,0.0044,0,43,10.9773,40421.2851,267240,5482,3465
yitsian,B-SKY,Brisbane,Random,Cruiser,10,8/5/2023,8/5/2023,34,0.6471,0.5,15,0.6818,2502,2502,100249.09,1.26,3.5472,238273,2138426,35,1.03,0,0,3,57,32074.3529,105340,392,692
yitsian,B-SKY,Grozovoi,Random,Destroyer,10,4/16/2023,4/16/2023,20,0.6,0.35,6,0.5,2531,1658.2414,80176.7,1.2,1.9418,209088,1517966,36,1.8,0,0,2,27.3529,27052.95,60521,1153,395
yitsian,B-SKY,Tromp,Random,Destroyer,10,9/15/2023,9/15/2023,60,0.6,0.4167,21,0.5833,2076,2076,75852.3,0.92,2.0824,222473,1718600,81,1.35,0,0,4,24.5714,46604.1667,149926,2606,1107
yitsian,B-SKY,Z-52,Random,Destroyer,10,7/26/2023,7/26/2023,61,0.5738,0.3279,18,0.5143,1596,1596,47197.84,0.77,2.0665,175913,1606200,109,1.79,0,0,5,19.3529,36038.4098,184419,3016,798
yitsian,B-SKY,Alexander Nevsky,Random,Cruiser,10,5/6/2023,5/6/2023,52,0.5962,0.5385,22,0.7097,1430,1430,79576.37,0.87,2.9286,220845,2941400,27,0.52,0.0385,0,1,12,29190,167570,283,845
yitsian,B-SKY,Colbert,Random,Cruiser,10,8/19/2023,8/19/2023,61,0.5082,0.4098,23,0.7419,1553,1553,82863.98,1.11,3.3339,182941,3332950,26,0.43,0,0,0,0,17403.623,67390,601,883
yitsian,B-SKY,Marseille,Random,Cruiser,10,6/2/2023,6/2/2023,41,0.561,0.3171,13,0.5652,1620,1620,105122.22,1.2,2.359,204570,3360747,11,0.27,0.0488,0,0,0,18736.3171,69388,330,94
yitsian,B-SKY,Moskva,Random,Cruiser,10,9/16/2023,9/16/2023,195,0.5385,0.359,62,0.5905,1520,1520,71178.82,0.77,2.4901,244136,4033665,148,0.76,0.0051,0.0103,0,0,21421.1487,98925,1356,1736
yitsian,B-SKY,Petropavlovsk,Random,Cruiser,10,8/23/2023,8/23/2023,15,0.8,0.5333,8,0.6667,1557,751.6552,67730.73,0.87,2.5533,153725,2322600,14,0.93,0,0,0,0,28630.4,55203,97,51
yitsian,B-SKY,Marceau,Random,Destroyer,10,8/26/2023,8/26/2023,81,0.5802,0.2593,19,0.4043,2462,2462,73425.56,1.27,2.5383,340401,2438842,145,1.79,0.0123,0,13,18.2692,31311.5926,138616,3106,1387
yitsian,B-SKY,Kremlin,Random,Battleship,10,9/16/2023,9/16/2023,22,0.7273,0.5455,12,0.75,2115,1531.5517,114620.18,1.36,2.9216,171307,3549300,0,0,0,0.0909,0,0,20875.6364,81005,89,269
yitsian,B-SKY,Halland,Random,Destroyer,10,9/15/2023,9/15/2023,28,0.7143,0.4286,11,0.55,1607,1496.1724,52734.54,0.79,2.213,169394,1171427,43,1.54,0,0,7,10.8974,40428.4286,91463,971,402
yitsian,B-SKY,Shimakaze,Random,Destroyer,10,8/26/2023,8/26/2023,132,0.5985,0.4318,50,0.6329,2304,2304,69822.52,1.24,2.2831,188201,2054050,277,2.1,0,0,102,13.442,58625.75,183009,6025,817
yitsian,B-SKY,Des Moines,Random,Cruiser,10,7/23/2023,7/23/2023,227,0.4846,0.3348,68,0.6182,1902,1902,83636.2,0.93,3.0406,245889,2945766,106,0.47,0.0132,0,0,0,21993.4934,128863,1928,1973
yitsian,B-SKY,Gearing,Random,Destroyer,10,3/19/2023,6/20/2023,22,0.5,0.3636,6,0.5455,1573,1139.069,53476.36,0.82,2.4132,179123,1875818,41,1.86,0,0,7,15.8036,46299.0909,135182,887,236
yitsian,B-SKY,Montana,Random,Battleship,10,6/23/2023,6/23/2023,37,0.6486,0.5946,19,0.7917,1758,1758,99701.54,1.03,3.5529,220660,3455866,6,0.16,0.027,0,0,0,25167.2703,65420,76,227
razik890,B-SKY,Gouden Leeuw,Random,Cruiser,10,7/14/2023,7/14/2023,14,0.5714,0.4286,6,0.75,1935,867.4138,108706.5,1.07,2.4138,159835,2518184,6,0.43,0,0,0,0,22954.4286,85894,94,150
razik890,B-SKY,Conqueror,Random,Battleship,10,9/16/2023,9/16/2023,29,0.4828,0.4828,11,0.7857,1672,1614.3448,145451.14,0.9,3.3971,321334,3621898,2,0.07,0,0,0,0,29291.9655,84842,65,133
razik890,B-SKY,Hindenburg,Random,Cruiser,10,9/14/2023,9/14/2023,49,0.551,0.3061,14,0.5185,1714,1714,101810.9,0.69,2.7185,231609,3003200,21,0.43,0,0,1,54,23722.1224,88594,183,312
razik890,B-SKY,Grosser Kurfürst,Random,Battleship,10,4/6/2023,7/7/2023,161,0.5217,0.2236,34,0.4048,1212,1212,70320.2,0.68,3.7687,258404,4263970,42,0.26,0.0186,0.205,0,0,21655.9441,109159,570,408
razik890,B-SKY,Preussen,Random,Battleship,10,9/14/2023,9/14/2023,9,0.4444,0.3333,3,0.75,1409,388.6897,98070,0.78,2.7329,225023,2381700,3,0.33,0,0,0,0,13992.6667,61519,17,70
razik890,B-SKY,Napoli,Random,Cruiser,10,9/17/2023,9/17/2023,48,0.5417,0.2917,12,0.4615,2103,2103,99790.46,1.17,2.1264,207812,3080368,29,0.6,0,0.2083,2,18.3529,30958.1458,103461,179,424
razik890,B-SKY,République,Random,Battleship,10,6/24/2023,6/24/2023,19,0.5789,0.2105,4,0.3636,1642,1019.1724,112891.74,1,3.0445,205766,2635542,2,0.11,0,0.1053,0,0,17289.4737,69564,18,86
razik890,B-SKY,Gda?sk,Random,Destroyer,10,9/13/2023,9/13/2023,15,0.8,0.4667,7,0.5833,2082,1005.1034,84122.33,1.27,2.286,137594,1149734,25,1.67,0,0,2,43.1818,33542.6,90216,339,71
razik890,B-SKY,San Martín,Random,Cruiser,10,9/17/2023,9/17/2023,10,0.8,0.5,5,0.625,1817,563.8966,87182.5,0.9,2.5047,141925,3130434,7,0.7,0,0,0,0,24444.1,59159,0,81
razik890,B-SKY,Brisbane,Random,Cruiser,10,9/3/2023,9/3/2023,11,0.6364,0.4545,5,0.7143,1698,585.5172,74770.09,0.73,3.1905,155231,2670765,12,1.09,0,0,2,38,36089.0909,98928,55,89
razik890,B-SKY,Bourgogne,Random,Battleship,10,9/10/2023,9/10/2023,221,0.6199,0.3756,79,0.5766,1711,1711,136778.48,1.49,2.8922,333322,3778531,66,0.3,0.009,0.0407,0,0,22164.724,124627,981,1466
razik890,B-SKY,Yueyang,Random,Destroyer,10,9/10/2023,9/10/2023,22,0.5455,0.4091,9,0.75,1980,1433.7931,74140.05,1.55,2.841,191418,1072934,37,1.68,0,0,11,11.044,45439.3182,158981,1082,239
razik890,B-SKY,Schlieffen,Random,Battleship,10,9/16/2023,9/16/2023,98,0.6122,0.1735,16,0.2667,2001,2001,113176.48,1.28,2.5985,242777,3734673,47,0.48,0,0.3469,16,15.1163,23905.0714,105518,451,597
razik890,B-SKY,Thunderer,Random,Battleship,10,9/10/2023,9/10/2023,258,0.5504,0.3915,91,0.6408,1583,1583,119365.5,1.06,2.9131,299145,3725487,54,0.21,0.0039,0,0,0,21123.8062,92620,1200,1544
razik890,B-SKY,Austin,Random,Cruiser,10,9/14/2023,9/14/2023,78,0.6154,0.5128,38,0.7917,1870,1870,92010.5,1.05,2.5119,204130,2832400,34,0.44,0,0,8,35,22444.7564,87683,798,809
razik890,B-SKY,Ohio,Random,Battleship,10,9/14/2023,9/14/2023,94,0.5851,0.3085,28,0.5091,1451,1451,105295.55,1.12,2.7567,311903,4809500,27,0.29,0.0319,0.1702,0,0,21097.4681,122615,343,393
razik890,B-SKY,Louisiana,Random,Battleship,10,9/14/2023,9/14/2023,13,0.5385,0.3846,4,0.5714,1496,619.0345,111127.85,1.08,2.7953,149461,3055685,9,0.69,0,0,0,0,32439.7692,75431,0,132
razik890,B-SKY,Forrest Sherman,Random,Destroyer,10,9/14/2023,9/14/2023,241,0.5768,0.3278,78,0.5612,1987,1987,79461.67,0.98,2.4493,237846,2389688,353,1.46,0.0041,0,3,19.0952,30709.0747,144569,7336,3279
razik890,B-SKY,Attilio Regolo,Random,Destroyer,10,9/14/2023,9/15/2023,18,0.6111,0.2222,4,0.3636,1673,980.7241,67291.89,1.11,2.095,221357,2033164,26,1.44,0,0,2,17.875,34672.3889,93790,613,171
razik890,B-SKY,Henri IV,Random,Cruiser,10,9/17/2023,9/17/2023,31,0.5484,0.3548,10,0.5882,2023,2023,119534.77,1.16,2.8139,223898,3269033,11,0.35,0,0,0,0,22497.2581,75833,178,148
razik890,B-SKY,Daring,Random,Destroyer,10,9/10/2023,9/10/2023,24,0.5833,0.375,7,0.5,1867,1480.7241,62795.46,1,2.6235,160444,1745172,51,2.13,0,0,3,43.2143,49776.9167,150356,903,609
razik890,B-SKY,Venezia,Random,Cruiser,10,9/12/2023,9/12/2023,48,0.6667,0.5833,24,0.75,2126,2126,124980.27,1.19,2.204,260288,2476700,20,0.42,0,0,4,40.6667,27450.9583,87529,295,416
razik890,B-SKY,Minotaur,Random,Cruiser,10,9/16/2023,9/16/2023,84,0.5595,0.3333,26,0.5532,1592,1592,70346.98,1.12,3.698,183075,3417700,91,1.08,0,0,4,51.8125,26683.5833,99819,777,1393
razik890,B-SKY,Yoshino,Random,Cruiser,10,7/18/2023,7/18/2023,318,0.5314,0.3994,103,0.6095,1606,1606,97679.13,0.81,2.9343,258886,3098050,103,0.32,0.0063,0.0157,27,29.1169,20927.6195,102005,1416,2073
razik890,B-SKY,Cristoforo Colombo,Random,Battleship,10,8/15/2023,8/15/2023,10,0.5,0.2,1,0.2,1281,397.5517,101155.7,0.8,3.4074,153811,2922200,3,0.3,0,0,0,0,26157,64155,3,10
razik890,B-SKY,Elbing,Random,Destroyer,10,9/14/2023,9/14/2023,154,0.5325,0.2922,40,0.4878,1545,1545,74656.79,0.93,1.8338,202285,2566170,198,1.29,0.0065,0,26,37.3308,26272.5195,122504,2889,1881
razik890,B-SKY,Harugumo,Random,Destroyer,10,5/15/2023,5/15/2023,2,0.5,0.5,1,1,1151,39.6897,42951,1,3.0251,76286,536301,1,0.5,0,0,0,0,79192,113051,60,12
razik890,B-SKY,Delny,Random,Destroyer,10,9/14/2023,9/14/2023,4,0.5,0.25,0,0,1381,142.8621,64361,1.25,2.1818,84043,1782549,5,1.25,0,0,2,23.3333,16647.75,44731,120,54
razik890,B-SKY,St. Vincent,Random,Battleship,10,9/16/2023,9/16/2023,30,0.6333,0.5,12,0.6316,1686,1686,133163.7,1.13,2.7026,218773,3444298,12,0.4,0,0,1,13.8,29165.5667,75060,120,189
razik890,B-SKY,Khabarovsk,Random,Destroyer,10,9/14/2023,9/14/2023,126,0.5794,0.3016,37,0.5068,1918,1918,78116.79,1.03,2.1528,346479,3287498,213,1.69,0,0,17,12.5342,36351.373,179991,2858,2184
razik890,B-SKY,Kléber,Random,Destroyer,10,9/16/2023,9/16/2023,80,0.5625,0.275,19,0.4222,1630,1630,72137.29,0.85,2.2651,212677,2722501,145,1.81,0.0125,0,15,17.6633,35885.7125,134559,2252,572
razik890,B-SKY,Worcester,Random,Cruiser,10,9/14/2023,9/14/2023,16,0.375,0.3125,3,0.5,1459,754.6552,82360.81,0.56,3.8691,121673,1938538,8,0.5,0,0,0,0,13074.875,39340,103,134
razik890,B-SKY,Kremlin,Random,Battleship,10,9/14/2023,9/14/2023,191,0.5759,0.3037,54,0.4909,1462,1462,95132.38,0.86,2.6973,277147,3885200,57,0.3,0.0419,0.0314,0,0,23525.0524,174297,744,768
razik890,B-SKY,Alexander Nevsky,Random,Cruiser,10,9/14/2023,9/14/2023,44,0.5227,0.2955,12,0.5217,1516,1516,93534.86,0.75,2.7585,197720,3443095,31,0.7,0,0,1,75,26030.2727,104746,115,601
razik890,B-SKY,Colbert,Random,Cruiser,10,9/16/2023,9/16/2023,146,0.6164,0.4521,61,0.6778,1800,1800,94139.16,0.99,3.4641,260733,3949503,62,0.42,0,0,0,0,19745.8288,95240,791,1401
razik890,B-SKY,Marseille,Random,Cruiser,10,9/16/2023,9/16/2023,21,0.7143,0.3333,7,0.4667,1859,1282.069,104942.52,1.43,2.354,209656,2325295,7,0.33,0,0,0,0,20544.4286,66186,141,222
razik890,B-SKY,Moskva,Random,Cruiser,10,9/17/2023,9/17/2023,200,0.535,0.275,55,0.514,2168,2168,97581.83,1.02,2.163,284248,3467111,183,0.92,0.01,0.01,0,0,29567.185,112689,1128,3434
razik890,B-SKY,Petropavlovsk,Random,Cruiser,10,9/17/2023,9/17/2023,361,0.5734,0.2465,86,0.4155,1530,1530,79609.37,0.84,2.1959,235175,4921211,398,1.1,0,0.0249,0,0,24491.3463,103278,3399,4156
razik890,B-SKY,Incomparable,Random,Battleship,10,9/16/2023,9/16/2023,64,0.6719,0.2969,19,0.4419,1882,1882,119848.45,1.55,2.4388,293376,3115900,17,0.27,0,0.0156,4,20.3793,28041.9688,117203,270,168
razik890,B-SKY,Marceau,Random,Destroyer,10,9/16/2023,9/16/2023,230,0.5304,0.287,58,0.4754,1712,1712,55658.26,0.88,2.8182,262282,2372813,378,1.64,0,0,18,15.459,31584.5217,195439,8399,3327
razik890,B-SKY,Vermont,Random,Battleship,10,9/8/2023,9/8/2023,42,0.619,0.2381,10,0.3846,1366,1366,97204.45,0.79,2.9339,206541,3961873,7,0.17,0.0238,0.0238,0,0,19771.4524,67761,173,114
razik890,B-SKY,Tromp,Random,Destroyer,10,9/10/2023,9/10/2023,23,0.6087,0.2174,4,0.2857,1874,1421.6552,68136.17,0.87,2.2099,183837,1120900,35,1.52,0,0,2,16.8889,53860.913,161346,708,253
razik890,B-SKY,Halland,Random,Destroyer,10,11/21/2022,11/21/2022,146,0.4863,0.3425,40,0.5634,1631,1631,59673.08,0.95,2.635,186742,1859402,236,1.62,0,0,59,9.4582,55740.4726,250215,6226,1422
razik890,B-SKY,Shimakaze,Random,Destroyer,10,9/13/2023,9/13/2023,51,0.6667,0.5098,24,0.7059,2529,2529,75971.12,1.22,2.1826,201047,1686369,109,2.14,0,0,32,15,59005.902,183817,2310,755
razik890,B-SKY,Za?,Random,Cruiser,10,9/14/2023,9/14/2023,85,0.6,0.4706,34,0.6667,2423,2423,125699.22,1.06,2.2804,242064,4052350,19,0.22,0,0.0118,9,69.0741,24007.6941,98459,348,693
razik890,B-SKY,Yamato,Random,Battleship,10,9/14/2023,9/14/2023,185,0.5568,0.2919,51,0.4951,1866,1866,110242.24,0.92,3.021,266972,4860712,33,0.18,0.0054,0.0108,0,0,23165.7622,110603,501,1173
razik890,B-SKY,Montana,Random,Battleship,10,9/16/2023,9/16/2023,74,0.6351,0.4595,30,0.6383,1887,1887,110079.53,1.01,3.0421,267060,3711300,18,0.24,0,0.027,0,0,23062.0946,78076,372,254
razik890,B-SKY,Des Moines,Random,Cruiser,10,9/14/2023,9/14/2023,275,0.5091,0.2218,53,0.3786,1685,1685,74482.81,0.84,2.9525,226958,2804709,190,0.69,0.0073,0.0109,0,0,21289.1927,104295,2220,2967
SLQ32,D-SKY,Gouden Leeuw,Random,Cruiser,10,9/16/2023,9/16/2023,6,0.3333,0.3333,1,0.5,626,107.931,61679.17,0.33,3.1765,97147,2117721,1,0.17,0,0,0,0,16053,51710,0,94
SLQ32,D-SKY,Slava,Random,Battleship,10,6/24/2023,6/24/2023,37,0.3784,0.5676,13,0.9286,920,920,87221.81,0.84,2.7999,167752,2810900,4,0.11,0,0.027,0,0,16789.7027,97566,0,173
SLQ32,D-SKY,Conqueror,Random,Battleship,10,9/15/2023,9/15/2023,279,0.4982,0.5054,108,0.777,1192,1192,106759.32,0.76,4.1007,245528,3650436,46,0.16,0.0143,0.0036,0,0,16766.9211,97458,512,1433
SLQ32,D-SKY,Hindenburg,Random,Cruiser,10,9/1/2023,9/1/2023,134,0.5224,0.3806,42,0.6,1417,1417,79740.84,0.84,2.5612,227290,2634550,72,0.54,0,0,3,20.1212,22538.1791,98664,841,668
SLQ32,D-SKY,Grosser Kurfürst,Random,Battleship,10,8/23/2023,8/23/2023,116,0.5172,0.3276,31,0.5167,1420,1420,79705.19,0.79,3.4333,174693,3734698,45,0.39,0.0517,0.0862,0,0,24101.7155,105380,345,473
SLQ32,D-SKY,Preussen,Random,Battleship,10,3/21/2023,3/21/2023,12,0.6667,0.25,3,0.375,1467,556.4483,90459,0.67,2.4455,161917,3202051,5,0.42,0,0.25,0,0,21572.5833,67729,0,0
SLQ32,D-SKY,Khabarovsk,Random,Destroyer,10,8/27/2023,8/27/2023,25,0.6,0.56,12,0.8,1085,897.931,43650.8,0.8,2.1185,117081,1577400,43,1.72,0,0,1,78.3333,36039.28,127944,675,196
SLQ32,D-SKY,Småland,Random,Destroyer,10,9/17/2023,9/17/2023,25,0.32,0.44,6,0.75,675,558.6207,29953.2,0.8,2.5004,98436,1188918,56,2.24,0,0,7,17.3617,49052.56,208188,818,285
SLQ32,D-SKY,République,Random,Battleship,10,9/14/2023,9/14/2023,168,0.5417,0.4107,56,0.6154,1433,1433,104739.73,0.85,3.378,225718,3457600,43,0.26,0.0179,0.0298,0,0,18593.6012,71098,367,1300
SLQ32,D-SKY,Vermont,Random,Battleship,10,9/9/2023,9/9/2023,65,0.6154,0.6462,33,0.825,1469,1469,98017.86,1.02,3.5469,195526,4256398,8,0.12,0,0,0,0,16770.1077,73214,66,399
SLQ32,D-SKY,San Martín,Random,Cruiser,10,9/16/2023,9/16/2023,2,0.5,0.5,1,1,1260,43.4483,57234.5,1.5,2.2015,93636,2213600,1,0.5,0,0,0,0,28112,32167,6,0
SLQ32,D-SKY,Brisbane,Random,Cruiser,10,9/16/2023,9/16/2023,3,0.6667,0.6667,2,1,1122,77.3793,47761,0.67,3.6106,71430,1207400,6,2,0,0,0,0,50675.3333,64678,60,0
SLQ32,D-SKY,Bourgogne,Random,Battleship,10,5/28/2023,5/28/2023,17,0.5294,0.3529,6,0.6667,670,369.6552,76502.76,0.59,3.1853,140400,3656900,5,0.29,0,0,0,0,18250.4118,59334,89,60
SLQ32,D-SKY,Plymouth,Random,Cruiser,10,9/2/2023,9/2/2023,2,0,0,0,0,1246,42.9655,58558,1.5,3.3956,90015,869364,5,2.5,0,0,0,0,10097,19876,0,42
SLQ32,D-SKY,Goliath,Random,Cruiser,10,9/15/2023,9/15/2023,65,0.6,0.5077,26,0.6667,1278,1278,84979.52,0.82,2.9921,166618,3176552,22,0.34,0,0,3,25.7778,20128.9385,75867,522,676
SLQ32,D-SKY,Yueyang,Random,Destroyer,10,9/17/2023,9/17/2023,44,0.5,0.4545,15,0.6818,1026,1026,49446.84,0.7,2.2685,137188,1608018,87,1.98,0,0,15,15.9259,50367.0227,159939,870,319
SLQ32,D-SKY,Schlieffen,Random,Battleship,10,9/15/2023,9/15/2023,183,0.6011,0.2514,43,0.3909,1498,1498,93045.37,0.84,2.6219,249872,3974568,62,0.34,0,0.3279,11,33.9286,22977.5902,127230,520,983
SLQ32,D-SKY,Thunderer,Random,Battleship,10,9/14/2023,9/14/2023,368,0.5299,0.5788,153,0.7846,1508,1508,122812.87,0.85,3.1946,257026,3444441,53,0.14,0.0082,0.0109,0,0,20578.4429,120131,729,2398
SLQ32,D-SKY,Austin,Random,Cruiser,10,7/29/2023,7/29/2023,25,0.44,0.4,6,0.5455,663,548.6897,44718.48,0.64,3.1966,102710,1749900,7,0.28,0,0,3,18,23288.52,60925,210,473
SLQ32,D-SKY,Ohio,Random,Battleship,10,7/6/2023,7/6/2023,104,0.4231,0.3846,29,0.6591,973,973,91028.77,0.74,3.4915,178953,3711200,16,0.15,0.0192,0.1154,0,0,20125.9519,127662,116,564
SLQ32,D-SKY,Salem,Random,Cruiser,10,7/4/2023,7/4/2023,9,0.4444,0.1111,0,0,1578,435.3103,85077.11,0.78,2.6022,149297,2168171,6,0.67,0,0,0,0,16218.4444,33445,23,128
SLQ32,D-SKY,Sevastopol,Random,Cruiser,10,8/26/2022,8/26/2022,2,1,0,0,0,1006,34.6897,23338.5,1,1.5294,33230,1545900,1,0.5,0,0,0,0,18461.5,22387,0,0
SLQ32,D-SKY,Marseille,Random,Cruiser,10,4/9/2023,4/9/2023,3,0.6667,0,0,0,1592,109.7931,111486,0.67,0,142201,2033403,1,0.33,0,0,0,0,27786.6667,45846,40,111
SLQ32,D-SKY,Jinan,Random,Cruiser,10,9/17/2023,9/17/2023,19,0.4211,0.2105,4,0.5,1191,739.2414,63846,0.79,3.6007,151174,1842600,6,0.32,0,0,4,30,20977,83786,194,350
SLQ32,D-SKY,Forrest Sherman,Random,Destroyer,10,7/29/2023,7/29/2023,16,0.375,0.3125,4,0.6667,848,438.6207,49621.06,0.44,2.3691,126341,1277850,17,1.06,0,0,0,0,30764.875,72027,284,59
SLQ32,D-SKY,Attilio Regolo,Random,Destroyer,10,6/24/2023,6/24/2023,15,0.4667,0.4,5,0.7143,582,280.9655,39501.6,0.27,1.9294,85621,733866,31,2.07,0,0,2,15.871,40017.6667,174788,392,119
SLQ32,D-SKY,Smolensk,Random,Cruiser,10,8/5/2023,8/5/2023,154,0.5065,0.4091,48,0.6154,1118,1118,71279.31,0.73,2.8327,199334,2881400,44,0.29,0,0,1,46.25,19313.6429,119858,1144,1323
SLQ32,D-SKY,Henri IV,Random,Cruiser,10,9/15/2023,9/15/2023,26,0.5385,0.4615,8,0.5714,1273,1097.4138,80626.27,0.81,2.5909,196608,2219350,20,0.77,0,0,2,14.4,20535.7692,62555,46,209
SLQ32,D-SKY,Daring,Random,Destroyer,10,9/15/2023,9/15/2023,80,0.5625,0.4125,25,0.5556,1035,1035,38565.93,0.65,2.3757,179206,1871869,141,1.76,0,0,18,20.6111,40023.9375,168396,2318,719
SLQ32,D-SKY,Venezia,Random,Cruiser,10,9/15/2023,9/15/2023,52,0.5962,0.5385,22,0.7097,1352,1352,84389.88,0.9,2.7103,141989,2587767,20,0.38,0.0192,0,1,43.8,24338.9615,109332,216,399
SLQ32,D-SKY,Yodo,Random,Cruiser,10,3/4/2023,3/4/2023,4,0.75,0.25,0,0,1548,160.1379,77633.75,0.5,3.3101,115960,1818218,3,0.75,0,0,0,0,10332.75,23415,0,3
SLQ32,D-SKY,Minotaur,Random,Cruiser,10,3/19/2023,3/19/2023,491,0.4888,0.332,130,0.5417,1282,1282,64255.24,0.86,3.0804,203630,2572767,305,0.62,0,0,57,28.9152,17332.5071,105996,6889,4071
SLQ32,D-SKY,Yoshino,Random,Cruiser,10,5/27/2023,5/27/2023,34,0.4706,0.4118,10,0.625,1225,1225,81313.32,0.68,2.859,152380,2499467,8,0.24,0,0,2,47.3846,20910.4412,80727,46,186
SLQ32,D-SKY,Cristoforo Colombo,Random,Battleship,10,6/10/2023,6/10/2023,30,0.6,0.5,13,0.7222,1164,1164,83678.53,0.8,3.8881,171292,4170227,5,0.17,0,0.0333,0,0,19378.0333,69975,47,205
SLQ32,D-SKY,Elbing,Random,Destroyer,10,11/24/2021,11/24/2021,6,0.1667,0.1667,1,1,199,34.3103,28837.33,0.33,1.6246,98245,723100,10,1.67,0,0,0,0,14545.1667,36701,180,67
SLQ32,D-SKY,Harugumo,Random,Destroyer,10,9/16/2023,9/16/2023,83,0.4699,0.2771,16,0.4103,1081,1081,47297.49,0.71,2.4738,171521,1642342,132,1.59,0,0,13,21,26236.1566,228204,1949,403
SLQ32,D-SKY,Vampire II,Random,Destroyer,10,9/15/2023,9/15/2023,24,0.4167,0.4583,9,0.9,993,787.5517,45537.63,0.75,2.6972,122215,1277300,50,2.08,0,0,4,18.1818,33172.875,80915,503,74
SLQ32,D-SKY,Delny,Random,Destroyer,10,3/17/2022,3/17/2022,1,0,0,0,0,83,0,29259,0,0,29259,1488373,2,2,0,0,0,0,23926,23926,0,0
SLQ32,D-SKY,Marceau,Random,Destroyer,10,8/23/2023,8/23/2023,30,0.5333,0.3333,9,0.5625,1029,1029,36516.03,0.6,2.5251,112904,905771,54,1.8,0,0,2,27.7143,42724.9333,146129,571,290
SLQ32,D-SKY,Puerto Rico,Random,Cruiser,10,5/8/2022,5/8/2022,51,0.4706,0.4902,18,0.75,1271,1271,76709.53,0.73,3.6195,179327,3072200,27,0.53,0,0,0,0,22774.6471,71083,229,510
SLQ32,D-SKY,Z-42,Random,Destroyer,10,9/9/2023,9/9/2023,5,0.4,0.6,2,1,483,66.6207,36745,0.2,0,54079,1099007,9,1.8,0,0,0,0,41566,152250,48,16
SLQ32,D-SKY,Kléber,Random,Destroyer,10,3/24/2023,3/24/2023,15,0.4,0.2,3,0.5,621,299.7931,37979.8,0.6,1.8576,143601,1472700,25,1.67,0,0,2,27.3333,30139.2,108753,361,78
SLQ32,D-SKY,Worcester,Random,Cruiser,10,9/11/2023,9/11/2023,163,0.4601,0.4294,50,0.6667,1174,1174,61360.89,0.63,3.8015,167132,2357118,98,0.6,0.0061,0,0,0,24701.0675,93818,1241,1404
SLQ32,D-SKY,Hayate,Random,Destroyer,10,9/16/2023,9/16/2023,3,0.3333,0.3333,0,0,2411,166.2759,81220.33,1.67,2.2088,109673,734166,6,2,0,0,2,11,79282.3333,120354,47,15
SLQ32,D-SKY,Álvaro de Bazán,Random,Destroyer,10,9/14/2023,9/14/2023,2,0,0,0,0,459,15.8276,26553.5,0.5,0,45443,873500,5,2.5,0,0,0,0,17177,30790,38,0
SLQ32,D-SKY,Grozovoi,Random,Destroyer,10,9/9/2023,9/9/2023,28,0.4286,0.3571,5,0.4167,1208,1124.6897,44161.68,0.86,2.1088,152578,1393900,41,1.46,0,0,8,15.8333,44047.3929,148938,852,234
SLQ32,D-SKY,Kremlin,Random,Battleship,10,3/15/2023,3/15/2023,78,0.4359,0.3077,20,0.5882,1167,1167,84937.49,0.83,3.0009,202068,3674650,13,0.17,0,0.0256,0,0,23313.2308,77719,265,368
SLQ32,D-SKY,Z-52,Random,Destroyer,10,9/15/2023,9/15/2023,111,0.4775,0.4505,36,0.6792,1372,1372,42529.03,0.8,2.2597,129802,1412037,194,1.75,0.009,0,25,17.9324,42578.0721,155825,3490,928
SLQ32,D-SKY,Shikishima,Random,Battleship,10,4/30/2023,4/30/2023,61,0.541,0.5902,23,0.697,1255,1255,109484.26,0.84,3.4979,210004,3170300,5,0.08,0,0.0328,0,0,21276.6721,116963,8,487
SLQ32,D-SKY,Alexander Nevsky,Random,Cruiser,10,8/5/2023,8/5/2023,143,0.4965,0.4615,49,0.6901,889,889,62653.73,0.52,2.8495,175564,2330890,125,0.87,0.007,0,3,68.3333,21937.1888,130827,426,2147
SLQ32,D-SKY,Colbert,Random,Cruiser,10,9/2/2023,9/2/2023,20,0.55,0.4,7,0.6364,960,628.9655,54894,0.75,3.717,129010,1830100,4,0.2,0,0,0,0,19154.4,54692,195,254
SLQ32,D-SKY,Napoli,Random,Cruiser,10,9/16/2022,9/16/2022,20,0.5,0.35,6,0.6,942,617.1724,50274.9,0.75,2.4198,94495,1817132,6,0.3,0,0.15,1,20,31850.95,91012,156,178
SLQ32,D-SKY,Moskva,Random,Cruiser,10,9/12/2023,9/12/2023,48,0.4167,0.3542,15,0.75,1255,1255,74102.38,0.46,2.6474,233055,3304795,11,0.23,0,0,0,0,18604.75,79460,167,270
SLQ32,D-SKY,Petropavlovsk,Random,Cruiser,10,9/3/2023,9/3/2023,129,0.4806,0.4651,46,0.7419,1436,1436,77800.37,0.9,2.3251,227355,4619340,98,0.76,0.0155,0.0078,0,0,25929.3876,131846,749,1074
SLQ32,D-SKY,Stalingrad,Random,Cruiser,10,9/12/2023,9/12/2023,42,0.6429,0.4048,14,0.5185,1556,1556,92879.95,1,2.4091,216103,3229800,34,0.81,0,0.0238,0,0,25713.5476,107755,138,270
SLQ32,D-SKY,Incomparable,Random,Battleship,10,9/15/2023,9/15/2023,20,0.45,0.3,3,0.3333,797,522.1724,74145.3,0.75,3.0876,210750,2066552,9,0.45,0,0,1,46,26112.75,75524,28,15
SLQ32,D-SKY,St. Vincent,Random,Battleship,10,9/14/2023,9/14/2023,13,0.5385,0.6154,6,0.8571,1151,476.2759,108525.38,0.69,3.0459,173726,3239300,4,0.31,0,0,0,0,22728.4615,43405,52,13
SLQ32,D-SKY,Tromp,Random,Destroyer,10,9/16/2023,9/16/2023,1,0,0,0,0,231,0,28657,0,0,28657,671600,0,0,0,0,0,0,25029,25029,0,0
SLQ32,D-SKY,Halland,Random,Destroyer,10,9/14/2023,9/14/2023,208,0.524,0.5673,79,0.7248,1411,1411,50431.9,0.9,2.6097,207917,1389100,353,1.7,0,0,89,11.7122,52079.1923,212186,4993,964
SLQ32,D-SKY,Shimakaze,Random,Destroyer,10,9/16/2023,9/16/2023,112,0.5,0.4821,37,0.6607,1413,1413,48528.94,0.83,2.2992,179647,1383972,193,1.72,0,0,49,24.9278,48764.2768,271027,3391,654
SLQ32,D-SKY,Za?,Random,Cruiser,10,8/19/2023,8/19/2023,149,0.4899,0.3691,44,0.6027,1240,1240,74494.19,0.64,2.7413,194035,2223150,87,0.58,0.0067,0.0067,13,43.0208,24735.1879,113136,922,1048
SLQ32,D-SKY,Montana,Random,Battleship,10,9/9/2023,9/9/2023,288,0.4722,0.2951,72,0.5294,1282,1282,86988.8,0.8,3.4297,209659,4981600,102,0.35,0.0243,0.0417,0,0,24604.8403,129184,716,1017
SLQ32,D-SKY,Gearing,Random,Destroyer,10,9/16/2023,9/16/2023,654,0.5214,0.4006,197,0.5777,1351,1351,46705.63,0.71,2.5075,222704,1374600,1137,1.74,0.0046,0,223,15.5303,41072.9602,243764,18577,3308
SLQ32,D-SKY,Yamato,Random,Battleship,10,8/23/2023,8/23/2023,110,0.4455,0.4182,36,0.7347,1717,1717,113081,0.79,3.3409,240479,3076597,15,0.14,0,0.0273,0,0,19707.7455,77282,357,711
SLQ32,D-SKY,Des Moines,Random,Cruiser,10,9/9/2023,9/9/2023,697,0.5093,0.2912,180,0.507,1325,1325,60622.8,0.7,3.0298,234121,3440035,490,0.7,0.0072,0.0057,0,0,23774.3027,115303,4838,4613
